0;2024.09.27 11:10;0;18,3125;20,375;19,8125;403;202;0;
1;2024.09.27 11:20;0;18,125;19,375;18,75;435;202;0;
2;2024.09.27 11:30;0;18,125;18,75;18,0625;438;202;0;
3;2024.09.27 11:40;0;18,1875;18,5;17,9375;438;202;0;
4;2024.09.27 11:50;0;18,125;18,25;18;395;202;0;
5;2024.09.27 12:00;0;21,3125;19,125;18,75;401;202;0;
6;2024.09.27 12:10;0;24,9375;21,25;19;415;202;0;
7;2024.09.27 12:20;0;24,875;22,25;18,75;417;202;0;
8;2024.09.27 12:30;0;24,5;22,4375;18,625;416;202;0;
9;2024.09.27 12:40;0;23,875;22,375;18,5;415;202;0;
10;2024.09.27 12:50;0;23,25;22,125;18,4375;412;202;0;
11;2024.09.27 13:00;0;22,75;21,8125;18,375;410;202;0;
12;2024.09.27 13:10;0;22;21,375;18,375;407;202;0;
13;2024.09.27 13:20;0;19,5;20,125;17,125;425;202;0;
14;2024.09.27 13:30;0;18,375;19,125;16,75;426;202;0;
15;2024.09.27 13:40;0;13,4375;16,75;14,875;414;202;0;
16;2024.09.27 13:50;0;12,75;14,8125;12,75;368;202;0;
17;2024.09.27 14:00;0;12,5;13,75;12;361;202;0;
18;2024.09.27 14:10;0;12,375;13;11,8125;362;202;0;
19;2024.09.27 14:20;0;12,625;12,9375;12;366;202;0;
20;2024.09.27 14:30;0;12;12,3125;16,875;1929;202;0;
21;2024.09.27 14:40;0;12;11,125;11,875;1992;202;0;
22;2024.09.27 14:50;0;12;10,6875;10,9375;2027;202;0;
23;2024.09.27 15:00;0;12;10,5;10,75;2050;202;0;
24;2024.09.27 15:10;0;12;10,375;10,625;2067;202;0;
25;2024.09.27 15:20;0;12;10,4375;10,75;2081;202;0;
26;2024.09.27 15:30;0;12;10,4375;10,6875;2094;202;0;
27;2024.09.27 15:40;0;12;10,1875;10,125;2104;202;0;
28;2024.09.27 15:50;0;12;10;9,625;2113;202;0;
29;2024.09.27 16:00;0;12;10;9,625;2120;202;0;
30;2024.09.27 16:10;0;12;10;10;2127;202;0;
31;2024.09.27 16:20;0;12;10,125;10,25;2132;202;0;
32;2024.09.27 16:30;0;12;10,1875;10,3125;2136;202;0;
33;2024.09.27 16:40;0;12;10,125;10,1875;2140;202;0;
34;2024.09.27 16:50;0;11,875;10,0625;10,125;2143;202;0;
35;2024.09.27 17:00;0;11,9375;9,9375;10,125;2146;202;0;
36;2024.09.27 17:10;0;11,9375;9,875;10,25;2148;202;0;
37;2024.09.27 17:20;0;11,875;9,875;10,125;2150;202;0;
38;2024.09.27 17:30;0;11,875;9,875;9,9375;2152;202;0;
39;2024.09.27 17:40;0;11,875;9,875;9,8125;2153;202;0;
40;2024.09.27 17:50;0;11,875;9,8125;9,875;2155;202;0;
41;2024.09.27 18:00;0;11,875;9,6875;9,5;2156;202;0;
42;2024.09.27 18:10;0;11,875;9,5625;9,125;2157;202;0;
43;2024.09.27 18:20;0;11,875;9,5625;9,25;2158;202;0;
44;2024.09.27 18:30;0;11,875;9,5;9,25;2160;202;0;
45;2024.09.27 18:40;0;11,8125;9,375;9;2160;202;0;
46;2024.09.27 18:50;0;11,8125;9,375;9;2161;202;0;
47;2024.09.27 19:00;0;11,8125;9,5;9,25;2162;202;0;
48;2024.09.27 19:10;0;11,75;9,5625;9,5;2166;202;0;
49;2024.09.27 19:20;0;11,75;9,625;9,5625;2168;202;0;
50;2024.09.27 19:30;0;11,75;9,625;9,5;2165;202;0;
51;2024.09.27 19:40;0;11,75;9,625;9,375;2166;202;0;
52;2024.09.27 19:50;0;11,75;9,625;9,25;2166;202;0;
53;2024.09.27 20:00;0;11,75;9,625;9,25;2166;202;0;
54;2024.09.27 20:10;0;11,75;9,625;9,5;2167;202;0;
55;2024.09.27 20:20;0;11,75;9,75;9,75;2168;202;0;
56;2024.09.27 20:30;0;11,75;9,75;9,875;2168;202;0;
57;2024.09.27 20:40;0;11,75;9,875;10;2168;202;0;
58;2024.09.27 20:50;0;11,6875;9,8125;9,875;2169;202;0;
59;2024.09.27 21:00;0;11,6875;9,75;9,75;2168;202;0;
60;2024.09.27 21:10;0;11,6875;9,625;9,375;2169;202;0;
61;2024.09.27 21:20;0;11,6875;9,625;9,3125;2168;202;0;
62;2024.09.27 21:30;0;11,6875;9,5625;9,25;2168;202;0;
63;2024.09.27 21:40;0;11,625;9,5;9,1875;2169;202;0;
64;2024.09.27 21:50;0;11,625;9,5;9,3125;2170;202;0;
65;2024.09.27 22:00;0;11,625;9,5;9,375;2169;202;0;
66;2024.09.27 22:10;0;11,625;9,5625;9,375;2169;202;0;
67;2024.09.27 22:20;0;11,625;9,5625;9,4375;2169;202;0;
68;2024.09.27 22:30;0;11,625;9,625;9,5;2170;202;0;
69;2024.09.27 22:40;0;11,625;9,625;9,5;2170;202;0;
70;2024.09.27 22:50;0;11,625;9,625;9,5;2169;202;0;
71;2024.09.27 23:00;0;11,625;9,5625;9,5;2169;202;0;
72;2024.09.27 23:10;0;11,625;9,5;9,375;2170;202;0;
73;2024.09.27 23:20;0;11,625;9,5;9,375;2170;202;0;
74;2024.09.27 23:30;0;11,625;9,5;9,375;2170;202;0;
75;2024.09.27 23:40;0;11,625;9,5;9,375;2170;202;0;
76;2024.09.27 23:50;0;11,5625;9,5;9,375;2170;202;0;
77;2024.09.28 00:00;0;11,5625;9,5;9,375;2170;202;0;
78;2024.09.28 00:10;0;11,5625;9,5;9,375;2171;202;0;
79;2024.09.28 00:20;0;11,5;9,5;9,375;2171;202;0;
80;2024.09.28 00:30;0;11,5;9,5;9,375;2171;202;0;
81;2024.09.28 00:40;0;11,5;9,5;9,375;2171;202;0;
82;2024.09.28 00:50;0;11,5;9,5;9,25;2171;202;0;
83;2024.09.28 01:00;0;11,5;9,5;9,25;2171;202;0;
84;2024.09.28 01:10;0;11,5;9,5;9,25;2171;202;0;
85;2024.09.28 01:20;0;11,5;9,5;9,25;2171;202;0;
86;2024.09.28 01:30;0;11,5;9,5;9,25;2171;202;0;
87;2024.09.28 01:40;0;11,5;9,5;9,3125;2171;202;0;
88;2024.09.28 01:50;0;11,5;9,5;9,375;2171;202;0;
89;2024.09.28 02:00;0;11,5;9,5;9,3125;2171;202;0;
90;2024.09.28 02:10;0;11,5;9,5;9,25;2172;202;0;
91;2024.09.28 02:20;0;11,5;9,4375;9,1875;2172;202;0;
92;2024.09.28 02:30;0;11,5;9,4375;9,25;2171;202;0;
93;2024.09.28 02:40;0;11,5;9,4375;9,1875;2171;202;0;
94;2024.09.28 02:50;0;11,5;9,4375;9,25;2171;202;0;
95;2024.09.28 03:00;0;11,5;9,5;9,25;2171;202;0;
96;2024.09.28 03:10;0;11,5;9,5;9,25;2171;202;0;
97;2024.09.28 03:20;0;11,5;9,5;9,25;2171;202;0;
98;2024.09.28 03:30;0;11,5;9,5;9,25;2170;202;0;
99;2024.09.28 03:40;0;11,4375;9,5;9,1875;2170;202;0;
100;2024.09.28 03:50;0;11,4375;9,4375;9,125;2170;202;0;
101;2024.09.28 04:00;0;11,4375;9,4375;9,125;2170;202;0;
102;2024.09.28 04:10;0;11,4375;9,4375;9,125;2170;202;0;
103;2024.09.28 04:20;0;11,375;9,375;9;2170;202;0;
104;2024.09.28 04:30;0;11,4375;9,375;9;2170;202;0;
105;2024.09.28 04:40;0;11,375;9,3125;8,9375;2169;202;0;
106;2024.09.28 04:50;0;11,4375;9,3125;8,9375;2170;202;0;
107;2024.09.28 05:00;0;11,375;9,3125;8,9375;2170;202;0;
108;2024.09.28 05:10;0;11,375;9,3125;9;2170;202;0;
109;2024.09.28 05:20;0;11,375;9,375;9,125;2170;202;0;
110;2024.09.28 05:30;0;11,375;9,4375;9,125;2170;202;0;
111;2024.09.28 05:40;0;11,375;9,375;9;2169;202;0;
112;2024.09.28 05:50;0;11,375;9,375;9;2169;202;0;
113;2024.09.28 06:00;0;11,375;9,375;8,875;2169;202;0;
114;2024.09.28 06:10;0;11,375;9,25;8,8125;2169;202;0;
115;2024.09.28 06:20;0;11,375;9,25;8,75;2168;202;0;
116;2024.09.28 06:30;0;11,375;9,1875;8,625;2168;202;0;
117;2024.09.28 06:40;0;11,375;9,125;8,5625;2168;202;0;
118;2024.09.28 06:50;0;11,375;9,25;8,8125;2168;202;0;
119;2024.09.28 07:00;0;11,375;9,3125;9;2168;202;0;
120;2024.09.28 07:10;0;11,375;9,375;9,125;2168;202;0;
121;2024.09.28 07:20;0;11,375;9,5;9,375;2168;202;0;
122;2024.09.28 07:30;0;11,375;9,75;9,625;2168;202;0;
123;2024.09.28 07:40;0;11,375;9,875;9,875;2168;202;0;
124;2024.09.28 07:50;0;11,375;10;10,125;2168;202;0;
125;2024.09.28 08:00;0;11,375;10,125;10,125;2168;202;0;
126;2024.09.28 08:10;0;11,375;10,25;10,25;2167;202;0;
127;2024.09.28 08:20;0;11,375;10,375;10,5;2168;202;0;
128;2024.09.28 08:30;0;11,375;10,5;10,625;2167;202;0;
129;2024.09.28 08:40;0;11,375;10,6875;10,9375;2167;202;0;
130;2024.09.28 08:50;0;11,375;10,75;11,125;2167;202;0;
131;2024.09.28 09:00;0;11,375;10,875;11,0625;2167;202;0;
132;2024.09.28 09:10;0;11,375;10,875;11;2167;202;0;
133;2024.09.28 09:20;0;11,375;10,875;10,875;2167;202;0;
134;2024.09.28 09:30;0;11,4375;11,1875;11,125;2159;202;0;
135;2024.09.28 09:40;0;11,4375;11,25;11,75;2155;202;0;
136;2024.09.28 09:50;0;11,5;11,3125;11,875;2154;202;0;
137;2024.09.28 10:00;0;11,5;11,5;12,25;2150;202;0;
138;2024.09.28 10:10;0;11,5;11,5625;12,3125;2149;202;0;
139;2024.09.28 10:20;0;11,5;11,625;12,25;2146;202;0;
140;2024.09.28 10:30;0;11,5;11,625;12,375;2145;202;0;
141;2024.09.28 10:40;0;11,5625;11,9375;13,625;2107;202;0;
142;2024.09.28 10:50;0;11,5625;12;13,25;2107;202;0;
143;2024.09.28 11:00;0;11,625;11,9375;12,6875;2106;202;0;
144;2024.09.28 11:10;0;11,625;12;12,75;2105;202;0;
145;2024.09.28 11:20;0;11,625;12,125;12,875;2104;202;0;
146;2024.09.28 11:30;0;11,625;12,0625;12,75;2104;202;0;
147;2024.09.28 11:40;0;11,6875;12;12,5;2102;202;0;
148;2024.09.28 11:50;0;11,75;12;12,6875;2101;202;0;
149;2024.09.28 12:00;0;11,75;12,125;12,875;2100;202;0;
150;2024.09.28 12:10;0;11,75;12,125;12,75;2099;202;0;
151;2024.09.28 12:20;0;11,75;12,1875;12,875;2098;202;0;
152;2024.09.28 12:30;0;11,75;12,3125;13;2097;202;0;
153;2024.09.28 12:40;0;11,8125;12,25;12,875;2096;202;0;
154;2024.09.28 12:50;0;11,875;12,25;12,6875;2095;202;0;
155;2024.09.28 13:00;0;11,875;12,1875;12,625;2094;202;0;
156;2024.09.28 13:10;0;11,875;12,1875;12,625;2094;202;0;
157;2024.09.28 13:20;0;11,9375;12,25;12,75;2054;202;0;
158;2024.09.28 13:30;0;11,9375;12,25;12,6875;2059;202;0;
159;2024.09.28 13:40;0;11,9375;12,25;12,4375;2059;202;0;
160;2024.09.28 13:50;0;11,9375;12,125;12,25;2057;202;0;
161;2024.09.28 14:00;0;12;12,125;12,25;2056;202;0;
162;2024.09.28 14:10;0;12;12,125;12,25;2055;202;0;
163;2024.09.28 14:20;0;12;12,1875;12,25;2054;202;0;
164;2024.09.28 14:30;0;12;12,1875;12,25;2053;202;0;
165;2024.09.28 14:40;0;12;12,1875;12,1875;2052;202;0;
166;2024.09.28 14:50;0;12,0625;12,25;12,375;1966;202;0;
167;2024.09.28 15:00;0;12,0625;12,25;12,5;1969;202;0;
168;2024.09.28 15:10;0;12,125;12,25;12,4375;1968;202;0;
169;2024.09.28 15:20;0;12,125;12,1875;12,375;1969;202;0;
170;2024.09.28 15:30;0;12,125;12,25;12,4375;1968;202;0;
171;2024.09.28 15:40;0;12,125;12,25;12,5;1967;202;0;
172;2024.09.28 15:50;0;12,125;12,25;12,375;1966;202;0;
173;2024.09.28 16:00;0;12,125;12,1875;12,1875;1971;202;0;
174;2024.09.28 16:10;0;12,125;12,125;12;1970;202;0;
175;2024.09.28 16:20;0;12,125;12,125;11,9375;1970;202;0;
176;2024.09.28 16:30;0;12,1875;12,0625;11,875;1968;202;0;
177;2024.09.28 16:40;0;12,1875;12;11,875;1966;202;0;
178;2024.09.28 16:50;0;12,25;12;11,8125;1966;202;0;
179;2024.09.28 17:00;0;12,25;12;11,75;1965;202;0;
180;2024.09.28 17:10;0;12,25;11,8125;11,375;1964;202;0;
181;2024.09.28 17:20;0;12,25;11,5625;11;1966;202;0;
182;2024.09.28 17:30;0;12,25;11,25;10,625;1965;202;0;
183;2024.09.28 17:40;0;12,25;11,125;10,25;1963;202;0;
184;2024.09.28 17:50;0;12,25;11;10;1963;202;0;
185;2024.09.28 18:00;0;12,25;10,875;9,8125;1957;202;0;
186;2024.09.28 18:10;0;12,25;10,625;9,625;1956;202;0;
187;2024.09.28 18:20;0;12,25;10,625;9,5625;1956;202;0;
188;2024.09.28 18:30;0;12,25;10,5625;9,5625;1955;202;0;
189;2024.09.28 18:40;0;12,25;10,5;9,5;1955;202;0;
190;2024.09.28 18:50;0;12,1875;10,375;9,4375;1954;202;0;
191;2024.09.28 19:00;0;12,1875;10,3125;9,4375;1954;202;0;
192;2024.09.28 19:10;0;12,1875;10,375;9,5;1957;202;0;
193;2024.09.28 19:20;0;12,125;10,375;9,5;1955;202;0;
194;2024.09.28 19:30;0;12,125;10,25;9,375;1954;202;0;
195;2024.09.28 19:40;0;12,125;10,25;9,375;1954;202;0;
196;2024.09.28 19:50;0;12,125;10,125;9,25;1954;202;0;
197;2024.09.28 20:00;0;12,125;10;9,125;1953;202;0;
198;2024.09.28 20:10;0;12,125;10;9,125;1952;202;0;
199;2024.09.28 20:20;0;12,0625;10,125;9,375;1953;202;0;
200;2024.09.28 20:30;0;12,0625;10,1875;9,5625;1953;202;0;
201;2024.09.28 20:40;0;12;10,25;9,625;1952;202;0;
202;2024.09.28 20:50;0;12;10,25;9,8125;1951;202;0;
203;2024.09.28 21:00;0;12;10,125;9,625;1949;202;0;
204;2024.09.28 21:10;0;12;10;9,5;1948;202;0;
205;2024.09.28 21:20;0;12;10;9,625;1947;202;0;
206;2024.09.28 21:30;0;12;10,125;9,8125;1947;202;0;
207;2024.09.28 21:40;0;12;10,125;10;1947;202;0;
208;2024.09.28 21:50;0;11,9375;10,25;10,25;1946;202;0;
209;2024.09.28 22:00;0;11,9375;10,375;10,375;1946;202;0;
210;2024.09.28 22:10;0;11,875;10,4375;10,5;1946;202;0;
211;2024.09.28 22:20;0;11,875;10,5;10,625;1945;202;0;
212;2024.09.28 22:30;0;11,875;10,625;10,75;1945;202;0;
213;2024.09.28 22:40;0;11,875;10,75;11;1944;202;0;
214;2024.09.28 22:50;0;11,875;10,8125;11,125;1945;202;0;
215;2024.09.28 23:00;0;11,875;10,875;11,1875;1944;202;0;
216;2024.09.28 23:10;0;11,875;11;11,375;1944;202;0;
217;2024.09.28 23:20;0;11,875;11,125;11,4375;1943;202;0;
218;2024.09.28 23:30;0;11,875;11,25;11,625;1943;202;0;
219;2024.09.28 23:40;0;11,875;11,25;11,6875;1943;202;0;
220;2024.09.28 23:50;0;11,875;11,25;11,75;1942;202;0;
221;2024.09.29 00:00;0;11,875;11,3125;11,75;1942;202;0;
222;2024.09.29 00:10;0;11,875;11,375;11,75;1942;202;0;
223;2024.09.29 00:20;0;11,875;11,375;11,75;1940;202;0;
224;2024.09.29 00:30;0;11,875;11,375;11,75;1940;202;0;
225;2024.09.29 00:40;0;11,875;11,375;11,8125;1939;202;0;
226;2024.09.29 00:50;0;11,875;11,4375;11,875;1939;202;0;
227;2024.09.29 01:00;0;11,875;11,4375;11,875;1938;202;0;
228;2024.09.29 01:10;0;11,875;11,4375;11,75;1938;202;0;
229;2024.09.29 01:20;0;11,875;11,375;11,75;1937;202;0;
230;2024.09.29 01:30;0;11,875;11,375;11,75;1937;202;0;
231;2024.09.29 01:40;0;11,875;11,375;11,75;1936;202;0;
232;2024.09.29 01:50;0;11,875;11,375;11,75;1935;202;0;
233;2024.09.29 02:00;0;11,875;11,4375;11,75;1935;202;0;
234;2024.09.29 02:10;0;11,875;11,5;11,875;1934;202;0;
235;2024.09.29 02:20;0;11,875;11,5;11,875;1934;202;0;
236;2024.09.29 02:30;0;11,875;11,5;11,875;1933;202;0;
237;2024.09.29 02:40;0;11,875;11,625;12;1935;202;0;
238;2024.09.29 02:50;0;11,875;11,625;12,125;1932;202;0;
239;2024.09.29 03:00;0;11,875;11,75;12,125;1932;202;0;
240;2024.09.29 03:10;0;11,875;11,75;12,25;1931;202;0;
241;2024.09.29 03:20;0;11,875;11,8125;12,25;1931;202;0;
242;2024.09.29 03:30;0;11,875;11,875;12,25;1930;202;0;
243;2024.09.29 03:40;0;11,875;11,875;12,375;1930;202;0;
244;2024.09.29 03:50;0;11,875;12;12,375;1930;202;0;
245;2024.09.29 04:00;0;11,875;12;12,4375;1930;202;0;
246;2024.09.29 04:10;0;11,875;12,0625;12,5;1929;202;0;
247;2024.09.29 04:20;0;11,875;12,125;12,5625;1929;202;0;
248;2024.09.29 04:30;0;11,875;12,125;12,625;1928;202;0;
249;2024.09.29 04:40;0;11,875;12,1875;12,625;1928;202;0;
250;2024.09.29 04:50;0;11,9375;12,25;12,625;1927;202;0;
251;2024.09.29 05:00;0;11,9375;12,25;12,625;1927;202;0;
252;2024.09.29 05:10;0;11,9375;12,25;12,6875;1926;202;0;
253;2024.09.29 05:20;0;11,9375;12,3125;12,75;1926;202;0;
254;2024.09.29 05:30;0;11,9375;12,375;12,8125;1925;202;0;
255;2024.09.29 05:40;0;11,9375;12,375;12,875;1926;202;0;
256;2024.09.29 05:50;0;11,9375;12,4375;12,875;1925;202;0;
257;2024.09.29 06:00;0;12;12,5;13;1924;202;0;
258;2024.09.29 06:10;0;12;12,5;13;1924;202;0;
259;2024.09.29 06:20;0;12;12,5;12,9375;1923;202;0;
260;2024.09.29 06:30;0;12;12,4375;12,875;1923;202;0;
261;2024.09.29 06:40;0;12;12,5;12,875;1923;202;0;
262;2024.09.29 06:50;0;12;12,5;12,9375;1922;202;0;
263;2024.09.29 07:00;0;12;12,5;13;1922;202;0;
264;2024.09.29 07:10;0;12;12,5625;13,0625;1921;202;0;
265;2024.09.29 07:20;0;12;12,625;13,125;1921;202;0;
266;2024.09.29 07:30;0;12;12,625;13,125;1921;202;0;
267;2024.09.29 07:40;0;12;12,625;13,125;1920;202;0;
268;2024.09.29 07:50;0;12;12,75;13,1875;1920;202;0;
269;2024.09.29 08:00;0;12;12,75;13,25;1920;202;0;
270;2024.09.29 08:10;0;12;12,75;13,1875;1919;202;0;
271;2024.09.29 08:20;0;12;12,75;13,25;1918;202;0;
272;2024.09.29 08:30;0;12;12,8125;13,375;1918;202;0;
273;2024.09.29 08:40;0;12,0625;12,8125;13,375;1918;202;0;
274;2024.09.29 08:50;0;12,0625;12,8125;13,3125;1917;202;0;
275;2024.09.29 09:00;0;12,0625;12,8125;13,3125;1917;202;0;
276;2024.09.29 09:10;0;12,125;12,75;13,25;1916;202;0;
277;2024.09.29 09:20;0;12,125;12,8125;13,375;1917;202;0;
278;2024.09.29 09:30;0;12,125;12,875;13,4375;1916;202;0;
279;2024.09.29 09:40;0;12,125;12,875;13,5;1916;202;0;
280;2024.09.29 09:50;0;12,125;13;13,5625;1915;202;0;
281;2024.09.29 10:00;0;12,125;13,0625;13,6875;1915;202;0;
282;2024.09.29 10:10;0;12,125;13,0625;13,625;1915;202;0;
283;2024.09.29 10:20;0;12,125;13,125;13,75;1915;202;0;
284;2024.09.29 10:30;0;12,125;13,1875;13,875;1914;202;0;
285;2024.09.29 10:40;0;12,125;13,125;13,75;1913;202;0;
286;2024.09.29 10:50;0;12,125;13,0625;13,625;1912;202;0;
287;2024.09.29 11:00;0;12,125;13;13,5625;1911;202;0;
288;2024.09.29 11:10;0;12,125;12,75;13,1875;1911;202;0;
289;2024.09.29 11:20;0;12,125;12,875;13,375;1911;202;0;
290;2024.09.29 11:30;0;12,125;12,875;13,4375;1910;202;0;
291;2024.09.29 11:40;0;12,125;13;13,5625;1909;202;0;
292;2024.09.29 11:50;0;12,125;13,125;13,75;1909;202;0;
293;2024.09.29 12:00;0;12,1875;13,125;13,75;1909;202;0;
294;2024.09.29 12:10;0;12,1875;13,0625;13,5625;1908;202;0;
295;2024.09.29 12:20;0;12,1875;13,125;13,75;1906;202;0;
296;2024.09.29 12:30;0;12,1875;13,125;13,6875;1907;202;0;
297;2024.09.29 12:40;0;12,25;12,8125;13,3125;1906;202;0;
298;2024.09.29 12:50;0;12,25;12,5625;12,9375;1906;202;0;
299;2024.09.29 13:00;0;12,25;12,5;12,875;1906;202;0;
300;2024.09.29 13:10;0;12,25;12,375;12,625;1904;202;0;
301;2024.09.29 13:20;0;12,25;12,125;12,25;1905;202;0;
302;2024.09.29 13:30;0;12,25;11,875;11,875;1904;202;0;
303;2024.09.29 13:40;0;12,25;11,875;11,875;1903;202;0;
304;2024.09.29 13:50;0;12,1875;11,875;11,875;1903;202;0;
305;2024.09.29 14:00;0;12,1875;11,625;11,625;1904;202;0;
306;2024.09.29 14:10;0;12,1875;11,625;11,5625;1903;202;0;
307;2024.09.29 14:20;0;12,1875;11,5625;11,5;1902;202;0;
308;2024.09.29 14:30;0;12,1875;11,5;11,375;1903;202;0;
309;2024.09.29 14:40;0;12,1875;11,5;11,4375;1903;202;0;
310;2024.09.29 14:50;0;12,1875;11,5625;11,4375;1902;202;0;
311;2024.09.29 15:00;0;12,1875;11,5625;11,4375;1905;202;0;
312;2024.09.29 15:10;0;12,1875;11,625;11,5;1910;202;0;
313;2024.09.29 15:20;0;12,1875;11,625;11,625;1916;202;0;
314;2024.09.29 15:30;0;12,1875;11,6875;11,625;1924;202;0;
315;2024.09.29 15:40;0;12,1875;11,75;11,625;1940;202;0;
316;2024.09.29 15:50;0;12,1875;11,75;11,75;1971;202;0;
317;2024.09.29 16:00;0;12,1875;11,75;11,625;2273;202;0;
318;2024.09.29 16:10;0;12,1875;11,75;11,625;2640;202;0;
319;2024.09.29 16:20;0;12,1875;11,75;11,625;2678;202;0;
320;2024.09.29 16:30;0;12,1875;11,8125;11,75;2697;202;0;
321;2024.09.29 16:40;0;12,1875;11,875;11,75;2707;202;0;
322;2024.09.29 16:50;0;12,1875;11,8125;11,6875;2711;202;0;
323;2024.09.29 17:00;0;12,25;11,875;11,75;2722;202;0;
324;2024.09.29 17:10;0;12,25;11,8125;11,6875;2732;202;0;
325;2024.09.29 17:20;0;12,25;11,875;11,75;2752;202;0;
326;2024.09.29 17:30;0;12,25;11,875;11,75;2810;202;0;
327;2024.09.29 17:40;0;12,25;11,875;11,875;2843;202;0;
328;2024.09.29 17:50;0;12,25;12;11,875;2867;202;0;
329;2024.09.29 18:00;0;12,1875;12;11,875;2887;202;0;
330;2024.09.29 18:10;0;12,1875;12;11,875;2900;202;0;
331;2024.09.29 18:20;0;12,1875;12;11,875;2938;202;0;
332;2024.09.29 18:30;0;12,1875;12,0625;12;2941;202;0;
333;2024.09.29 18:40;0;12,1875;12,0625;11,9375;2954;202;0;
334;2024.09.29 18:50;0;12,1875;12,125;12;3015;202;0;
335;2024.09.29 19:00;0;12,1875;12,125;12,0625;3042;202;0;
336;2024.09.29 19:10;0;12,1875;12,125;12,0625;3051;202;0;
337;2024.09.29 19:20;0;12,1875;12,1875;12,125;3055;202;0;
338;2024.09.29 19:30;0;12,1875;12,25;12,125;3074;202;0;
339;2024.09.29 19:40;0;12,25;12,25;12,25;3085;202;0;
340;2024.09.29 19:50;0;12,25;12,3125;12,3125;3097;202;0;
341;2024.09.29 20:00;0;12,25;12,4375;12,5;3100;202;0;
342;2024.09.29 20:10;0;12,25;12,5;12,625;3101;202;0;
343;2024.09.29 20:20;0;12,25;12,625;12,75;3090;202;0;
344;2024.09.29 20:30;0;12,25;12,6875;12,875;3096;202;0;
345;2024.09.29 20:40;0;12,3125;12,75;12,875;3118;202;0;
346;2024.09.29 20:50;0;12,375;12,8125;12,9375;3124;202;0;
347;2024.09.29 21:00;0;12,375;12,875;13;3127;202;0;
348;2024.09.29 21:10;0;12,375;13;13,1875;3135;202;0;
349;2024.09.29 21:20;0;12,4375;13,125;13,3125;3136;202;0;
350;2024.09.29 21:30;0;12,5;13,1875;13,375;3140;202;0;
351;2024.09.29 21:40;0;12,5;13,25;13,5;3146;202;0;
352;2024.09.29 21:50;0;12,5625;13,375;13,625;3151;202;0;
353;2024.09.29 22:00;0;12,625;13,5;13,8125;3154;202;0;
354;2024.09.29 22:10;0;12,625;13,75;14,1875;3160;202;0;
355;2024.09.29 22:20;0;12,6875;13,875;14,375;3158;202;0;
356;2024.09.29 22:30;0;12,75;14;14,625;3147;202;0;
357;2024.09.29 22:40;0;12,75;14,0625;14,625;3129;202;0;
358;2024.09.29 22:50;0;12,75;14,125;14,625;3114;202;0;
359;2024.09.29 23:00;0;12,75;14,125;14,625;3104;202;0;
360;2024.09.29 23:10;0;12,75;14,125;14,5625;3076;202;0;
361;2024.09.29 23:20;0;12,75;14,125;14,5;3055;202;0;
362;2024.09.29 23:30;0;12,75;14,125;14,5;3042;202;0;
363;2024.09.29 23:40;0;12,75;14,125;14,5;3027;202;0;
364;2024.09.29 23:50;0;12,75;14,125;14,5;3021;202;0;
365;2024.09.30 00:00;0;12,8125;14,125;14,5;3013;202;0;
366;2024.09.30 00:10;0;12,8125;14,0625;14,375;3008;202;0;
367;2024.09.30 00:20;0;12,875;14;14,3125;3004;202;0;
368;2024.09.30 00:30;0;12,875;14;14,3125;3002;202;0;
369;2024.09.30 00:40;0;12,875;14;14,3125;3001;202;0;
370;2024.09.30 00:50;0;12,875;14;14,375;2999;202;0;
371;2024.09.30 01:00;0;12,875;14;14,3125;2998;202;0;
372;2024.09.30 01:10;0;12,875;13,9375;14;2997;202;0;
373;2024.09.30 01:20;0;12,875;13,6875;13,5;2994;202;0;
374;2024.09.30 01:30;0;12,9375;13,5;13,125;2992;202;0;
375;2024.09.30 01:40;0;12,9375;13,25;12,875;2990;202;0;
376;2024.09.30 01:50;0;12,9375;13,1875;12,75;2989;202;0;
377;2024.09.30 02:00;0;13;13,125;12,6875;2986;202;0;
378;2024.09.30 02:10;0;13;13;12,625;2984;202;0;
379;2024.09.30 02:20;0;13;13;12,625;2983;202;0;
380;2024.09.30 02:30;0;13;13;12,625;2981;202;0;
381;2024.09.30 02:40;0;13;13;12,625;2979;202;0;
382;2024.09.30 02:50;0;13;13;12,6875;2978;202;0;
383;2024.09.30 03:00;0;13;13;12,75;2976;202;0;
384;2024.09.30 03:10;0;13;13;12,75;2975;202;0;
385;2024.09.30 03:20;0;13;13;12,875;2982;202;0;
386;2024.09.30 03:30;0;13;13,0625;12,9375;2990;202;0;
387;2024.09.30 03:40;0;13;13;12,6875;2991;202;0;
388;2024.09.30 03:50;0;13;12,875;12,5;2991;202;0;
389;2024.09.30 04:00;0;13;12,75;12,5;2990;202;0;
390;2024.09.30 04:10;0;13;12,6875;12,375;2989;202;0;
391;2024.09.30 04:20;0;13;12,625;12,1875;2988;202;0;
392;2024.09.30 04:30;0;13;12,5;12,125;2986;202;0;
393;2024.09.30 04:40;0;13;12,5;12,125;2984;202;0;
394;2024.09.30 04:50;0;13;12,375;12;2982;202;0;
395;2024.09.30 05:00;0;13;12,3125;11,875;2981;202;0;
396;2024.09.30 05:10;0;12,9375;12,25;11,875;2979;202;0;
397;2024.09.30 05:20;0;12,9375;12,1875;11,8125;2978;202;0;
398;2024.09.30 05:30;0;12,9375;12,125;11,75;2975;202;0;
399;2024.09.30 05:40;0;12,9375;12,125;11,75;2973;202;0;
400;2024.09.30 05:50;0;12,875;12;11,75;2972;202;0;
401;2024.09.30 06:00;0;12,875;12,0625;11,75;2969;202;0;
402;2024.09.30 06:10;0;12,875;12,125;11,75;2967;202;0;
403;2024.09.30 06:20;0;12,875;12,0625;11,75;2964;202;0;
404;2024.09.30 06:30;0;12,875;12;11,6875;2962;202;0;
405;2024.09.30 06:40;0;12,875;12;11,75;2961;202;0;
406;2024.09.30 06:50;0;12,875;12,0625;11,75;2959;202;0;
407;2024.09.30 07:00;0;12,875;12,0625;11,75;2958;202;0;
408;2024.09.30 07:10;0;12,875;12;11,625;2955;202;0;
409;2024.09.30 07:20;0;12,8125;11,875;11,5;2953;202;0;
410;2024.09.30 07:30;0;12,8125;11,9375;11,625;2952;202;0;
411;2024.09.30 07:40;0;12,8125;12;11,625;2951;202;0;
412;2024.09.30 07:50;0;12,8125;12;11,75;2950;202;0;
413;2024.09.30 08:00;0;12,75;12;11,625;2949;202;0;
414;2024.09.30 08:10;0;12,75;12;11,75;2947;202;0;
415;2024.09.30 08:20;0;12,75;12;11,75;2946;202;0;
416;2024.09.30 08:30;0;12,75;12;11,75;2944;202;0;
417;2024.09.30 08:40;0;12,75;12;11,75;2942;202;0;
418;2024.09.30 08:50;0;12,75;12,0625;11,875;2941;202;0;
419;2024.09.30 09:00;0;12,75;12,125;11,875;2938;202;0;
420;2024.09.30 09:10;0;12,75;12,125;11,875;2937;202;0;
421;2024.09.30 09:20;0;12,75;12,125;11,875;2936;202;0;
422;2024.09.30 09:30;0;12,75;12,125;11,875;2934;202;0;
423;2024.09.30 09:40;0;12,75;12,125;11,875;2932;202;0;
424;2024.09.30 09:50;0;12,75;12,125;11,875;2931;202;0;
425;2024.09.30 10:00;0;12,75;12,125;11,875;2929;202;0;
426;2024.09.30 10:10;0;12,75;12,125;11,875;2927;202;0;
427;2024.09.30 10:20;0;12,75;12,125;11,9375;2926;202;0;
428;2024.09.30 10:30;0;12,75;12,125;11,9375;2925;202;0;
429;2024.09.30 10:40;0;12,75;12,25;12,1875;2924;202;0;
430;2024.09.30 10:50;0;12,75;12,375;12,375;2923;202;0;
431;2024.09.30 11:00;0;12,75;12,375;12,25;2922;202;0;
432;2024.09.30 11:10;0;12,75;12,3125;12,125;2920;202;0;
433;2024.09.30 11:20;0;12,75;12,25;12;2919;202;0;
434;2024.09.30 11:30;0;12,75;12,25;12;2918;202;0;
435;2024.09.30 11:40;0;12,75;12,375;12,1875;2918;202;0;
436;2024.09.30 11:50;0;12,75;12,375;12,1875;2915;202;0;
437;2024.09.30 12:00;0;12,75;12,4375;12,375;2914;202;0;
438;2024.09.30 12:10;0;12,75;12,625;12,5625;2913;202;0;
439;2024.09.30 12:20;0;12,75;12,6875;12,6875;2912;202;0;
440;2024.09.30 12:30;0;12,75;12,75;12,875;2911;202;0;
441;2024.09.30 12:40;0;12,75;12,75;12,75;2909;202;0;
442;2024.09.30 12:50;0;12,75;12,75;12,8125;2908;202;0;
443;2024.09.30 13:00;0;12,75;12,75;12,8125;2907;202;0;
444;2024.09.30 13:10;0;12,75;12,75;12,75;2906;202;0;
445;2024.09.30 13:20;0;12,75;12,75;12,75;2906;202;0;
446;2024.09.30 13:30;0;12,75;12,75;12,625;2904;202;0;
447;2024.09.30 13:40;0;12,75;12,75;12,75;2793;202;0;
448;2024.09.30 13:50;0;12,8125;12,75;13,8125;2743;202;0;
449;2024.09.30 14:00;0;12,8125;12,75;13,1875;2708;202;0;
450;2024.09.30 14:10;0;12,8125;12,875;13,1875;2705;202;0;
451;2024.09.30 14:20;0;12,8125;12,875;13,1875;2702;202;0;
452;2024.09.30 14:30;0;12,8125;12,625;12,625;2700;202;0;
453;2024.09.30 14:40;0;12,8125;12,5;12,625;2698;202;0;
454;2024.09.30 14:50;0;12,8125;12,375;12,5;2698;202;0;
455;2024.09.30 15:00;0;12,875;12,4375;12,5625;2696;202;0;
456;2024.09.30 15:10;0;12,875;12,5;12,6875;2695;202;0;
457;2024.09.30 15:20;0;12,875;12,5;12,75;2694;202;0;
458;2024.09.30 15:30;0;12,875;12,4375;12,625;2694;202;0;
459;2024.09.30 15:40;0;12,875;12,375;12,625;2693;202;0;
460;2024.09.30 15:50;0;12,875;12,375;12,5;2692;202;0;
461;2024.09.30 16:00;0;12,875;12,25;12,5;2691;202;0;
462;2024.09.30 16:10;0;12,875;12,375;12,625;2691;202;0;
463;2024.09.30 16:20;0;12,875;12,5;12,75;2690;202;0;
464;2024.09.30 16:30;0;12,875;12,5;12,75;2689;202;0;
465;2024.09.30 16:40;0;12,8125;12,375;12,5;2689;202;0;
466;2024.09.30 16:50;0;12,8125;12,375;12,375;2688;202;0;
467;2024.09.30 17:00;0;12,875;12,375;12,375;2687;202;0;
468;2024.09.30 17:10;0;12,8125;12,3125;12,25;2686;202;0;
469;2024.09.30 17:20;0;12,8125;12,25;12,1875;2686;202;0;
470;2024.09.30 17:30;0;12,8125;12,25;12,25;2685;202;0;
471;2024.09.30 17:40;0;12,8125;12,3125;12,375;2685;202;0;
472;2024.09.30 17:50;0;12,8125;12,375;12,375;2684;202;0;
473;2024.09.30 18:00;0;12,8125;12,375;12,375;2683;202;0;
474;2024.09.30 18:10;0;12,8125;12,375;12,375;2683;202;0;
475;2024.09.30 18:20;0;12,8125;12,375;12,375;2682;202;0;
476;2024.09.30 18:30;0;12,8125;12,375;12,375;2682;202;0;
477;2024.09.30 18:40;0;12,8125;12,375;12,375;2681;202;0;
478;2024.09.30 18:50;0;12,8125;12,4375;12,5;2681;202;0;
479;2024.09.30 19:00;0;12,8125;12,375;12,5;2680;202;0;
480;2024.09.30 19:10;0;12,8125;12,3125;12,25;2680;202;0;
481;2024.09.30 19:20;0;12,8125;12,25;12,1875;2680;202;0;
482;2024.09.30 19:30;0;12,8125;12,25;12,125;2681;202;0;
483;2024.09.30 19:40;0;12,8125;12,125;11,875;2681;202;0;
484;2024.09.30 19:50;0;12,8125;11,9375;11,625;2681;202;0;
485;2024.09.30 20:00;0;12,8125;11,9375;11,625;2681;202;0;
486;2024.09.30 20:10;0;12,8125;11,9375;11,625;2681;202;0;
487;2024.09.30 20:20;0;12,75;11,75;11,375;2681;202;0;
488;2024.09.30 20:30;0;12,75;11,6875;11,3125;2681;202;0;
489;2024.09.30 20:40;0;12,75;11,625;11,25;2680;202;0;
490;2024.09.30 20:50;0;12,75;11,5625;11,25;2680;202;0;
491;2024.09.30 21:00;0;12,75;11,5;11,125;2680;202;0;
492;2024.09.30 21:10;0;12,75;11,375;11,0625;2680;202;0;
493;2024.09.30 21:20;0;12,75;11,375;11,0625;2680;202;0;
494;2024.09.30 21:30;0;12,75;11,3125;11;2679;202;0;
495;2024.09.30 21:40;0;12,75;11,25;10,9375;2679;202;0;
496;2024.09.30 21:50;0;12,75;11,1875;10,875;2679;202;0;
497;2024.09.30 22:00;0;12,75;11,125;10,8125;2678;202;0;
498;2024.09.30 22:10;0;12,6875;11,125;10,75;2678;202;0;
499;2024.09.30 22:20;0;12,6875;11,125;10,875;2678;202;0;
500;2024.09.30 22:30;0;12,625;11,125;10,875;2677;202;0;
501;2024.09.30 22:40;0;12,625;11,1875;11;2677;202;0;
502;2024.09.30 22:50;0;12,625;11,25;11,0625;2677;202;0;
503;2024.09.30 23:00;0;12,625;11,3125;11,1875;2676;202;0;
504;2024.09.30 23:10;0;12,625;11,4375;11,375;2676;202;0;
505;2024.09.30 23:20;0;12,625;11,5;11,5;2676;202;0;
506;2024.09.30 23:30;0;12,625;11,625;11,5625;2676;202;0;
507;2024.09.30 23:40;0;12,625;11,6875;11,625;2676;202;0;
508;2024.09.30 23:50;0;12,625;11,6875;11,625;2675;202;0;
509;2024.10.01 00:00;0;12,5625;11,6875;11,625;2675;202;0;
510;2024.10.01 00:10;0;12,5625;11,6875;11,5;2675;202;0;
511;2024.10.01 00:20;0;12,5625;11,625;11,4375;2674;202;0;
512;2024.10.01 00:30;0;12,5625;11,625;11,375;2674;202;0;
513;2024.10.01 00:40;0;12,5625;11,5;11,375;2674;202;0;
514;2024.10.01 00:50;0;12,5;11,5;11,25;2673;202;0;
515;2024.10.01 01:00;0;12,5;11,5;11,25;2673;202;0;
516;2024.10.01 01:10;0;12,5;11,4375;11,1875;2673;202;0;
517;2024.10.01 01:20;0;12,5;11,375;11,125;2673;202;0;
518;2024.10.01 01:30;0;12,5;11,3125;11,0625;2672;202;0;
519;2024.10.01 01:40;0;12,5;11,25;11,0625;2672;202;0;
520;2024.10.01 01:50;0;12,5;11,25;11,0625;2672;202;0;
521;2024.10.01 02:00;0;12,5;11,25;11;2671;202;0;
522;2024.10.01 02:10;0;12,5;11,125;11;2671;202;0;
523;2024.10.01 02:20;0;12,5;11,125;10,875;2671;202;0;
524;2024.10.01 02:30;0;12,5;11,0625;10,875;2670;202;0;
525;2024.10.01 02:40;0;12,5;11;10,75;2670;202;0;
526;2024.10.01 02:50;0;12,5;10,9375;10,6875;2670;202;0;
527;2024.10.01 03:00;0;12,5;10,875;10,625;2669;202;0;
528;2024.10.01 03:10;0;12,4375;10,875;10,625;2669;202;0;
529;2024.10.01 03:20;0;12,375;10,875;10,625;2668;202;0;
530;2024.10.01 03:30;0;12,4375;10,8125;10,625;2668;202;0;
531;2024.10.01 03:40;0;12,375;10,75;10,5;2668;202;0;
532;2024.10.01 03:50;0;12,375;10,75;10,625;2668;202;0;
533;2024.10.01 04:00;0;12,375;10,75;10,5;2667;202;0;
534;2024.10.01 04:10;0;12,375;10,6875;10,375;2667;202;0;
535;2024.10.01 04:20;0;12,375;10,625;10,375;2667;202;0;
536;2024.10.01 04:30;0;12,375;10,625;10,375;2667;202;0;
537;2024.10.01 04:40;0;12,375;10,625;10,375;2666;202;0;
538;2024.10.01 04:50;0;12,3125;10,625;10,5;2666;202;0;
539;2024.10.01 05:00;0;12,3125;10,75;10,625;2665;202;0;
540;2024.10.01 05:10;0;12,3125;10,8125;10,625;2664;202;0;
541;2024.10.01 05:20;0;12,25;10,875;10,6875;2664;202;0;
542;2024.10.01 05:30;0;12,25;10,875;10,75;2664;202;0;
543;2024.10.01 05:40;0;12,25;10,9375;10,875;2663;202;0;
544;2024.10.01 05:50;0;12,25;11;10,9375;2663;202;0;
545;2024.10.01 06:00;0;12,25;11;11;2663;202;0;
546;2024.10.01 06:10;0;12,25;11,0625;10,9375;2663;202;0;
547;2024.10.01 06:20;0;12,25;11;10,875;2662;202;0;
548;2024.10.01 06:30;0;12,25;11,0625;10,875;2662;202;0;
549;2024.10.01 06:40;0;12,25;11,125;10,9375;2662;202;0;
550;2024.10.01 06:50;0;12,25;11,125;11;2662;202;0;
551;2024.10.01 07:00;0;12,25;11,25;11,125;2661;202;0;
552;2024.10.01 07:10;0;12,25;11,25;11,125;2661;202;0;
553;2024.10.01 07:20;0;12,25;11,375;11,3125;2661;202;0;
554;2024.10.01 07:30;0;12,25;11,5;11,5;2661;202;0;
555;2024.10.01 07:40;0;12,25;11,625;11,6875;2662;202;0;
556;2024.10.01 07:50;0;12,25;11,5;11,375;2664;202;0;
557;2024.10.01 08:00;0;12,25;11,5;11,25;2666;202;0;
558;2024.10.01 08:10;0;12,25;11,5;11,375;2668;202;0;
559;2024.10.01 08:20;0;12,25;11,625;11,5;2669;202;0;
560;2024.10.01 08:30;0;12,25;11,75;11,75;2670;202;0;
561;2024.10.01 08:40;0;12,25;11,9375;12;2670;202;0;
562;2024.10.01 08:50;0;12,25;11,9375;11,875;2671;202;0;
563;2024.10.01 09:00;0;12,25;11,9375;11,875;2672;202;0;
564;2024.10.01 09:10;0;12,25;11,8125;11,75;2672;202;0;
565;2024.10.01 09:20;0;12,25;11,9375;12;2672;202;0;
566;2024.10.01 09:30;0;12,25;12;12,125;2672;202;0;
567;2024.10.01 09:40;0;12,25;12;12,1875;2672;202;0;
568;2024.10.01 09:50;0;12,25;12,0625;12,375;2672;202;0;
569;2024.10.01 10:00;0;12,3125;12,25;13;2672;202;0;
570;2024.10.01 10:10;0;12,3125;12,4375;13,125;2672;202;0;
571;2024.10.01 10:20;0;12,3125;12,625;13,5;2672;202;0;
572;2024.10.01 10:30;0;12,375;12,6875;13,5;2676;202;0;
573;2024.10.01 10:40;0;12,375;12,6875;13,375;2676;202;0;
574;2024.10.01 10:50;0;12,375;12,9375;13,6875;2676;202;0;
575;2024.10.01 11:00;0;12,375;12,6875;13,125;2675;202;0;
576;2024.10.01 11:10;0;12,375;12,625;13,0625;2675;202;0;
577;2024.10.01 11:20;0;12,375;12,875;13,625;2674;202;0;
578;2024.10.01 11:30;0;12,4375;13;13,6875;2674;202;0;
579;2024.10.01 11:40;0;12,4375;12,9375;13,5;2673;202;0;
580;2024.10.01 11:50;0;12,5;12,75;13,375;2673;202;0;
581;2024.10.01 12:00;0;12,5;12,875;13,5;2673;202;0;
582;2024.10.01 12:10;0;12,5;12,8125;13,4375;2672;202;0;
583;2024.10.01 12:20;0;12,5;13;13,875;2672;202;0;
584;2024.10.01 12:30;0;12,5;12,875;13,5;2671;202;0;
585;2024.10.01 12:40;0;12,5;13;13,875;2671;202;0;
586;2024.10.01 12:50;0;12,5;13,125;14,125;2671;202;0;
587;2024.10.01 13:00;0;12,5625;13,0625;14;2670;202;0;
588;2024.10.01 13:10;0;12,5625;13,125;14,0625;2670;202;0;
589;2024.10.01 13:20;0;12,625;13,125;14;2669;202;0;
590;2024.10.01 13:30;0;12,625;13,125;14;2669;202;0;
591;2024.10.01 13:40;0;12,625;13,25;14,25;2669;202;0;
592;2024.10.01 13:50;0;12,625;13;13,9375;2668;202;0;
593;2024.10.01 14:00;0;12,625;13;13,8125;2668;202;0;
594;2024.10.01 14:10;0;12,625;13,0625;14;2667;202;0;
595;2024.10.01 14:20;0;12,625;13,125;14;2667;202;0;
596;2024.10.01 14:30;0;12,625;13,125;13,875;2666;202;0;
597;2024.10.01 14:40;0;12,6875;13,125;13,9375;2666;202;0;
598;2024.10.01 14:50;0;12,6875;13,125;13,8125;2666;202;0;
599;2024.10.01 15:00;0;12,6875;13,125;13,75;2665;202;0;
600;2024.10.01 15:10;0;12,75;13;13,625;2665;202;0;
601;2024.10.01 15:20;0;12,75;12,9375;13,5;2664;202;0;
602;2024.10.01 15:30;0;12,75;12,875;13,5;2664;202;0;
603;2024.10.01 15:40;0;12,75;12,75;13,375;2663;202;0;
604;2024.10.01 15:50;0;12,75;12,75;13,25;2662;202;0;
605;2024.10.01 16:00;0;12,375;13,75;14;661;202;0;
606;2024.10.01 16:10;0;12,75;16,75;14,75;638;202;0;
607;2024.10.01 16:20;0;13;15,625;15,375;604;202;0;
608;2024.10.01 16:30;0;12,5;14,75;14,75;601;202;0;
609;2024.10.01 16:40;0;12,5;14,125;14,1875;590;202;0;
610;2024.10.01 16:50;0;13,5;13,875;14,25;558;202;0;
611;2024.10.01 17:00;0;14,1875;14;14,5;545;202;0;
612;2024.10.01 17:10;0;15,5;14,5625;14,9375;541;202;0;
613;2024.10.01 17:20;0;16,125;15,125;15,375;537;202;0;
614;2024.10.01 17:30;0;16,125;15,5;15,6875;531;202;0;
615;2024.10.01 17:40;0;16,125;15,8125;16;524;202;0;
616;2024.10.01 17:50;0;16,125;16;16,125;517;202;0;
617;2024.10.01 18:00;0;16,125;16,125;16,25;509;202;0;
618;2024.10.01 18:10;0;16,1875;16,25;16,375;502;202;0;
619;2024.10.01 18:20;0;16,1875;16,375;16,5;495;202;0;
620;2024.10.01 18:30;0;17;16,75;17;510;202;0;
621;2024.10.01 18:40;0;19,5625;18,125;19,5;521;202;0;
622;2024.10.01 18:50;0;20,625;19,8125;21,125;559;202;0;
623;2024.10.01 19:00;0;20,75;20,375;21,125;550;202;0;
624;2024.10.01 19:10;0;20,8125;20,625;21,1875;542;202;0;
625;2024.10.01 19:20;0;21,125;20,75;21,375;534;202;0;
626;2024.10.01 19:30;0;21,5;21;21,625;529;202;0;
627;2024.10.01 19:40;0;21,75;21,25;21,75;502;202;0;
628;2024.10.01 19:50;0;22;21,5;21,9375;526;202;0;
629;2024.10.01 20:00;0;23,875;23,375;24,8125;499;202;0;
630;2024.10.01 20:10;0;23,875;23,5;23,9375;499;202;0;
631;2024.10.01 20:20;0;23,625;23,5;23,4375;498;202;0;
632;2024.10.01 20:30;0;23,375;23,375;23,1875;497;202;0;
633;2024.10.01 20:40;0;23,125;23,25;23,0625;496;202;0;
634;2024.10.01 20:50;0;23;23,1875;23;495;202;0;
635;2024.10.01 21:00;0;22,875;23,125;23;495;202;0;
636;2024.10.01 21:10;0;22,75;23;23;494;202;0;
637;2024.10.01 21:20;0;22,6875;22,9375;22,875;494;202;0;
638;2024.10.01 21:30;0;22,625;22,875;22,75;493;202;0;
639;2024.10.01 21:40;0;22,625;22,75;22,5;493;202;0;
640;2024.10.01 21:50;0;22,5;22,625;22,25;493;202;0;
641;2024.10.01 22:00;0;22,375;22,5;22;492;202;0;
642;2024.10.01 22:10;0;22,3125;22,375;21,75;491;202;0;
643;2024.10.01 22:20;0;22,1875;22,25;21,5625;491;202;0;
644;2024.10.01 22:30;0;22,125;22,125;21,375;490;202;0;
645;2024.10.01 22:40;0;22;22;21,125;490;202;0;
646;2024.10.01 22:50;0;21,875;21,875;21;489;202;0;
647;2024.10.01 23:00;0;21,75;21,75;20,75;488;202;0;
648;2024.10.01 23:10;0;21,625;21,625;20,625;488;202;0;
649;2024.10.01 23:20;0;21,5;21,4375;20,5;487;202;0;
650;2024.10.01 23:30;0;21,375;21,3125;20,3125;487;202;0;
651;2024.10.01 23:40;0;21,25;21,125;20,125;486;202;0;
652;2024.10.01 23:50;0;21,125;21;20;485;202;0;
653;2024.10.02 00:00;0;21;20,875;19,875;485;202;0;
654;2024.10.02 00:10;0;20,875;20,75;19,75;484;202;0;
655;2024.10.02 00:20;0;20,8125;20,625;19,6875;484;202;0;
656;2024.10.02 00:30;0;20,6875;20,5;19,625;483;202;0;
657;2024.10.02 00:40;0;20,625;20,4375;19,5;482;202;0;
658;2024.10.02 00:50;0;20,5;20,375;19,5;482;202;0;
659;2024.10.02 01:00;0;20,375;20,25;19,4375;482;202;0;
660;2024.10.02 01:10;0;20,3125;20,125;19,375;481;202;0;
661;2024.10.02 01:20;0;20,25;20,0625;19,3125;481;202;0;
662;2024.10.02 01:30;0;20,125;20;19,1875;480;202;0;
663;2024.10.02 01:40;0;20;19,875;19,125;480;202;0;
664;2024.10.02 01:50;0;19,9375;19,8125;19;479;202;0;
665;2024.10.02 02:00;0;19,875;19,75;18,875;479;202;0;
666;2024.10.02 02:10;0;19,75;19,625;18,75;479;202;0;
667;2024.10.02 02:20;0;19,625;19,5;18,6875;478;202;0;
668;2024.10.02 02:30;0;19,625;19,4375;18,625;478;202;0;
669;2024.10.02 02:40;0;19,5;19,375;18,5;477;202;0;
670;2024.10.02 02:50;0;19,375;19,25;18,4375;477;202;0;
671;2024.10.02 03:00;0;19,3125;19,125;18,375;476;202;0;
672;2024.10.02 03:10;0;19,25;19,125;18,3125;476;202;0;
673;2024.10.02 03:20;0;19,125;19;18,25;476;202;0;
674;2024.10.02 03:30;0;19,125;18,9375;18,1875;475;202;0;
675;2024.10.02 03:40;0;19;18,875;18,125;475;202;0;
676;2024.10.02 03:50;0;18,9375;18,75;18,0625;474;202;0;
677;2024.10.02 04:00;0;18,875;18,75;18;474;202;0;
678;2024.10.02 04:10;0;18,8125;18,625;18;474;202;0;
679;2024.10.02 04:20;0;18,75;18,625;18;474;202;0;
680;2024.10.02 04:30;0;18,6875;18,5625;18;473;202;0;
681;2024.10.02 04:40;0;18,625;18,5;17,9375;473;202;0;
682;2024.10.02 04:50;0;18,5625;18,5;17,875;473;202;0;
683;2024.10.02 05:00;0;18,5;18,375;17,875;473;202;0;
684;2024.10.02 05:10;0;18,5;18,375;17,8125;472;202;0;
685;2024.10.02 05:20;0;18,4375;18,3125;17,75;472;202;0;
686;2024.10.02 05:30;0;18,375;18,25;17,75;472;202;0;
687;2024.10.02 05:40;0;18,375;18,25;17,625;472;202;0;
688;2024.10.02 05:50;0;18,25;18,125;17,625;471;202;0;
689;2024.10.02 06:00;0;18,25;18,125;17,625;471;202;0;
690;2024.10.02 06:10;0;18,1875;18,125;17,625;471;202;0;
691;2024.10.02 06:20;0;18,125;18,0625;17,5625;471;202;0;
692;2024.10.02 06:30;0;18,125;18;17,625;471;202;0;
693;2024.10.02 06:40;0;18,125;18;17,625;470;202;0;
694;2024.10.02 06:50;0;18,125;18;17,75;470;202;0;
695;2024.10.02 07:00;0;18,0625;18;17,9375;470;202;0;
696;2024.10.02 07:10;0;18,0625;18,0625;18,25;470;202;0;
697;2024.10.02 07:20;0;18,125;18,125;18,625;471;202;0;
698;2024.10.02 07:30;0;18,125;18,25;18,9375;471;202;0;
699;2024.10.02 07:40;0;18,25;18,375;19,25;472;202;0;
700;2024.10.02 07:50;0;18,375;18,5;19,5;472;202;0;
701;2024.10.02 08:00;0;18,4375;18,6875;19,625;473;202;0;
702;2024.10.02 08:10;0;18,5625;18,8125;19,75;473;202;0;
703;2024.10.02 08:20;0;18,625;18,9375;19,75;474;202;0;
704;2024.10.02 08:30;0;18,75;19;19,75;474;202;0;
705;2024.10.02 08:40;0;18,8125;19,125;19,75;474;202;0;
706;2024.10.02 08:50;0;18,875;19,1875;19,75;475;202;0;
707;2024.10.02 09:00;0;19;19,25;19,875;474;202;0;
708;2024.10.02 09:10;0;19,0625;19,3125;20;474;202;0;
709;2024.10.02 09:20;0;19,125;19,375;20,125;475;202;0;
710;2024.10.02 09:30;0;19,1875;19,5;20,3125;475;202;0;
711;2024.10.02 09:40;0;19,25;19,625;20,375;475;202;0;
712;2024.10.02 09:50;0;19,375;19,6875;20,5;475;202;0;
713;2024.10.02 10:00;0;19,4375;19,75;20,625;476;202;0;
714;2024.10.02 10:10;0;19,5;19,875;20,75;479;202;0;
715;2024.10.02 10:20;0;17,75;19,4375;21,0625;568;202;0;
716;2024.10.02 10:30;0;19,375;19,125;21,1875;508;202;0;
717;2024.10.02 10:40;0;19,875;19;21;489;202;0;
718;2024.10.02 10:50;0;20,125;19,0625;20,9375;477;202;0;
719;2024.10.02 11:00;0;20,1875;19,125;20,75;469;202;0;
720;2024.10.02 11:10;0;20,4375;19,3125;20,75;459;202;0;
721;2024.10.02 11:20;0;20,625;19,5;20,75;450;202;0;
722;2024.10.02 11:30;0;20,75;19,75;20,8125;441;202;0;
723;2024.10.02 11:40;0;20,5625;19,875;20,6875;437;202;0;
724;2024.10.02 11:50;0;20,375;19,875;20,5625;434;202;0;
725;2024.10.02 12:00;0;20,125;19,8125;20,375;432;202;0;
726;2024.10.02 12:10;0;20;19,75;20,1875;429;202;0;
727;2024.10.02 12:20;0;19,875;19,625;20,0625;426;202;0;
728;2024.10.02 12:30;0;19,625;19,5;19,9375;471;202;0;
729;2024.10.02 12:40;0;19,625;19,5;19,875;480;202;0;
730;2024.10.02 12:50;0;19,75;19,625;20,125;465;202;0;
731;2024.10.02 13:00;0;19,875;19,75;20,125;466;202;0;
732;2024.10.02 13:10;0;19,875;19,875;20,25;467;202;0;
733;2024.10.02 13:20;0;20;20;20,375;467;202;0;
734;2024.10.02 13:30;0;20,125;20,125;20,5;468;202;0;
735;2024.10.02 13:40;0;20,1875;20,1875;20,625;468;202;0;
736;2024.10.02 13:50;0;20,3125;20,25;20,75;469;202;0;
737;2024.10.02 14:00;0;20,375;20,375;20,8125;469;202;0;
738;2024.10.02 14:10;0;20,5;20,5;20,875;470;202;0;
739;2024.10.02 14:20;0;20,5;20,5625;20,9375;470;202;0;
740;2024.10.02 14:30;0;20,625;20,625;20,9375;470;202;0;
741;2024.10.02 14:40;0;20,625;20,6875;21;471;202;0;
742;2024.10.02 14:50;0;20,625;20,75;21;472;202;0;
743;2024.10.02 15:00;0;20,6875;20,75;20,9375;472;202;0;
744;2024.10.02 15:10;0;20,6875;20,75;20,875;472;202;0;
745;2024.10.02 15:20;0;20,75;20,8125;20,875;472;202;0;
746;2024.10.02 15:30;0;20,75;20,8125;20,875;472;202;0;
747;2024.10.02 15:40;0;20,75;20,875;21;484;202;0;
748;2024.10.02 15:50;0;20,75;20,875;20,6875;484;202;0;
749;2024.10.02 16:00;0;20,75;20,875;20,5;484;202;0;
750;2024.10.02 16:10;0;20,625;20,8125;20,25;484;202;0;
751;2024.10.02 16:20;0;20,5;20,75;20,0625;483;202;0;
752;2024.10.02 16:30;0;20,375;20,625;19,875;483;202;0;
753;2024.10.02 16:40;0;20,25;20,5;19,75;482;202;0;
754;2024.10.02 16:50;0;20,125;20,375;19,625;481;202;0;
755;2024.10.02 17:00;0;20;20,25;19,5;481;202;0;
756;2024.10.02 17:10;0;19,875;20,125;19,5;480;202;0;
757;2024.10.02 17:20;0;19,75;20;19,375;480;202;0;
758;2024.10.02 17:30;0;19,625;19,875;19,25;479;202;0;
759;2024.10.02 17:40;0;19,5;19,75;19,125;479;202;0;
760;2024.10.02 17:50;0;19,375;19,625;19,0625;478;202;0;
761;2024.10.02 18:00;0;19,25;19,5;19;478;202;0;
762;2024.10.02 18:10;0;19,1875;19,4375;18,875;477;202;0;
763;2024.10.02 18:20;0;19,0625;19,3125;18,875;477;202;0;
764;2024.10.02 18:30;0;19;19,25;18,75;476;202;0;
765;2024.10.02 18:40;0;18,875;19,125;18,75;476;202;0;
766;2024.10.02 18:50;0;18,8125;19,0625;18,75;476;202;0;
767;2024.10.02 19:00;0;18,75;19;18,6875;475;202;0;
768;2024.10.02 19:10;0;18,625;18,875;18,6875;475;202;0;
769;2024.10.02 19:20;0;18,625;18,875;18,6875;475;202;0;
770;2024.10.02 19:30;0;18,5;18,75;18,75;474;202;0;
771;2024.10.02 19:40;0;18,5;18,75;18,75;474;202;0;
772;2024.10.02 19:50;0;18,4375;18,6875;18,8125;474;202;0;
773;2024.10.02 20:00;0;18,375;18,625;18,875;474;202;0;
774;2024.10.02 20:10;0;18,375;18,625;18,875;474;202;0;
775;2024.10.02 20:20;0;18,375;18,625;18,9375;474;202;0;
776;2024.10.02 20:30;0;18,3125;18,625;19;474;202;0;
777;2024.10.02 20:40;0;18,3125;18,625;19;474;202;0;
778;2024.10.02 20:50;0;18,3125;18,625;19,0625;474;202;0;
779;2024.10.02 21:00;0;18,25;18,625;19,125;474;202;0;
780;2024.10.02 21:10;0;18,25;18,625;19,125;474;202;0;
781;2024.10.02 21:20;0;18,25;18,625;19,1875;474;202;0;
782;2024.10.02 21:30;0;18,3125;18,625;19,25;474;202;0;
783;2024.10.02 21:40;0;18,3125;18,625;19,25;474;202;0;
784;2024.10.02 21:50;0;18,3125;18,625;19,3125;474;202;0;
785;2024.10.02 22:00;0;18,375;18,625;19,375;474;202;0;
786;2024.10.02 22:10;0;18,375;18,6875;19,5;474;202;0;
787;2024.10.02 22:20;0;18,375;18,75;19,5;475;202;0;
788;2024.10.02 22:30;0;18,375;18,75;19,4375;475;202;0;
789;2024.10.02 22:40;0;18,375;18,75;19,375;475;202;0;
790;2024.10.02 22:50;0;18,375;18,75;19,5;475;202;0;
791;2024.10.02 23:00;0;18,4375;18,75;19,375;475;202;0;
792;2024.10.02 23:10;0;18,4375;18,75;19,25;475;202;0;
793;2024.10.02 23:20;0;18,4375;18,75;19,125;475;202;0;
794;2024.10.02 23:30;0;18,4375;18,75;19;475;202;0;
795;2024.10.02 23:40;0;18,4375;18,75;18,9375;475;202;0;
796;2024.10.02 23:50;0;18,375;18,75;18,875;475;202;0;
797;2024.10.03 00:00;0;18,375;18,6875;18,75;475;202;0;
798;2024.10.03 00:10;0;18,375;18,625;18,6875;475;202;0;
799;2024.10.03 00:20;0;18,375;18,625;18,625;474;202;0;
800;2024.10.03 00:30;0;18,375;18,625;18,5625;474;202;0;
801;2024.10.03 00:40;0;18,375;18,5625;18,5;474;202;0;
802;2024.10.03 00:50;0;18,375;18,5;18,5;474;202;0;
803;2024.10.03 01:00;0;18,25;18,5;18,4375;474;202;0;
804;2024.10.03 01:10;0;18,25;18,5;18,375;474;202;0;
805;2024.10.03 01:20;0;18,25;18,375;18,375;474;202;0;
806;2024.10.03 01:30;0;18,1875;18,375;18,25;474;202;0;
807;2024.10.03 01:40;0;18,1875;18,375;18,25;473;202;0;
808;2024.10.03 01:50;0;18,1875;18,375;18,25;473;202;0;
809;2024.10.03 02:00;0;18,125;18,3125;18,125;473;202;0;
810;2024.10.03 02:10;0;18,125;18,25;18,125;473;202;0;
811;2024.10.03 02:20;0;18,0625;18,25;18,125;473;202;0;
812;2024.10.03 02:30;0;18,0625;18,25;18,125;473;202;0;
813;2024.10.03 02:40;0;18,0625;18,1875;18;473;202;0;
814;2024.10.03 02:50;0;18;18,125;18;473;202;0;
815;2024.10.03 03:00;0;18;18,125;18;473;202;0;
816;2024.10.03 03:10;0;18;18,125;17,9375;473;202;0;
817;2024.10.03 03:20;0;17,875;18,0625;17,875;473;202;0;
818;2024.10.03 03:30;0;17,9375;18;17,875;473;202;0;
819;2024.10.03 03:40;0;17,875;18;17,8125;472;202;0;
820;2024.10.03 03:50;0;17,875;18;17,75;472;202;0;
821;2024.10.03 04:00;0;17,875;17,9375;17,75;472;202;0;
822;2024.10.03 04:10;0;17,8125;17,9375;17,75;472;202;0;
823;2024.10.03 04:20;0;17,75;17,875;17,6875;472;202;0;
824;2024.10.03 04:30;0;17,75;17,875;17,6875;472;202;0;
825;2024.10.03 04:40;0;17,75;17,875;17,625;472;202;0;
826;2024.10.03 04:50;0;17,75;17,8125;17,625;472;202;0;
827;2024.10.03 05:00;0;17,6875;17,75;17,5625;472;202;0;
828;2024.10.03 05:10;0;17,625;17,75;17,5625;471;202;0;
829;2024.10.03 05:20;0;17,625;17,75;17,5;471;202;0;
830;2024.10.03 05:30;0;17,625;17,75;17,4375;471;202;0;
831;2024.10.03 05:40;0;17,625;17,6875;17,5;471;202;0;
832;2024.10.03 05:50;0;17,5625;17,625;17,5;471;202;0;
833;2024.10.03 06:00;0;17,5;17,625;17,5;471;202;0;
834;2024.10.03 06:10;0;17,5;17,625;17,4375;471;202;0;
835;2024.10.03 06:20;0;17,5;17,625;17,5;471;202;0;
836;2024.10.03 06:30;0;17,5;17,5625;17,5;471;202;0;
837;2024.10.03 06:40;0;17,5;17,5625;17,5625;471;202;0;
838;2024.10.03 06:50;0;17,5;17,5625;17,625;470;202;0;
839;2024.10.03 07:00;0;17,4375;17,625;17,6875;471;202;0;
840;2024.10.03 07:10;0;17,5;17,625;17,6875;471;202;0;
841;2024.10.03 07:20;0;17,5;17,625;17,75;471;202;0;
842;2024.10.03 07:30;0;17,5;17,625;17,75;471;202;0;
843;2024.10.03 07:40;0;17,5;17,625;17,75;471;202;0;
844;2024.10.03 07:50;0;17,5;17,625;17,625;471;202;0;
845;2024.10.03 08:00;0;17,5;17,625;17,625;471;202;0;
846;2024.10.03 08:10;0;17,5;17,625;17,5625;471;202;0;
847;2024.10.03 08:20;0;17,5;17,625;17,5;471;202;0;
848;2024.10.03 08:30;0;17,4375;17,5625;17,375;471;202;0;
849;2024.10.03 08:40;0;17,4375;17,5;17,375;470;202;0;
850;2024.10.03 08:50;0;17,375;17,5;17,25;470;202;0;
851;2024.10.03 09:00;0;17,375;17,4375;17,25;470;202;0;
852;2024.10.03 09:10;0;17,375;17,375;17,125;470;202;0;
853;2024.10.03 09:20;0;17,25;17,375;17,125;470;202;0;
854;2024.10.03 09:30;0;17,25;17,3125;17;470;202;0;
855;2024.10.03 09:40;0;17,1875;17,25;17;469;202;0;
856;2024.10.03 09:50;0;17,125;17,25;16,875;469;202;0;
857;2024.10.03 10:00;0;17,125;17,1875;16,875;469;202;0;
858;2024.10.03 10:10;0;17;17,125;16,875;469;202;0;
859;2024.10.03 10:20;0;17;17,125;16,8125;468;202;0;
860;2024.10.03 10:30;0;16,9375;17;16,75;468;202;0;
861;2024.10.03 10:40;0;16,875;17;16,6875;468;202;0;
862;2024.10.03 10:50;0;16,875;16,9375;16,6875;468;202;0;
863;2024.10.03 11:00;0;16,8125;16,875;16,625;468;202;0;
864;2024.10.03 11:10;0;16,75;16,875;16,625;467;202;0;
865;2024.10.03 11:20;0;16,75;16,875;16,5625;467;202;0;
866;2024.10.03 11:30;0;16,6875;16,8125;16,5625;467;202;0;
867;2024.10.03 11:40;0;16,625;16,75;16,5;467;202;0;
868;2024.10.03 11:50;0;16,625;16,75;16,5;467;202;0;
869;2024.10.03 12:00;0;16,625;16,75;16,5;467;202;0;
870;2024.10.03 12:10;0;16,5625;16,6875;16,5;467;202;0;
871;2024.10.03 12:20;0;16,5;16,625;16,5;466;202;0;
872;2024.10.03 12:30;0;16,5;16,625;16,5;466;202;0;
873;2024.10.03 12:40;0;16,5;16,625;16,4375;466;202;0;
874;2024.10.03 12:50;0;16,5;16,625;16,5;466;202;0;
875;2024.10.03 13:00;0;16,4375;16,5625;16,4375;466;202;0;
876;2024.10.03 13:10;0;16,4375;16,5625;16,4375;466;202;0;
877;2024.10.03 13:20;0;16,4375;16,5;16,4375;466;202;0;
878;2024.10.03 13:30;0;16,375;16,5;16,4375;466;202;0;
879;2024.10.03 13:40;0;16,375;16,5;16,5;466;202;0;
880;2024.10.03 13:50;0;16,375;16,5;16,5;466;202;0;
881;2024.10.03 14:00;0;16,375;16,5;16,5;466;202;0;
882;2024.10.03 14:10;0;16,375;16,5;16,5;466;202;0;
883;2024.10.03 14:20;0;16,375;16,5;16,625;466;202;0;
884;2024.10.03 14:30;0;16,375;16,5;16,625;466;202;0;
885;2024.10.03 14:40;0;16,375;16,5;16,6875;466;202;0;
886;2024.10.03 14:50;0;16,375;16,5;16,75;466;202;0;
887;2024.10.03 15:00;0;16,375;16,5;16,8125;466;202;0;
888;2024.10.03 15:10;0;16,375;16,5625;16,875;466;202;0;
889;2024.10.03 15:20;0;16,375;16,625;16,9375;466;202;0;
890;2024.10.03 15:30;0;16,4375;16,625;17;466;202;0;
891;2024.10.03 15:40;0;16,5;16,625;17;466;202;0;
892;2024.10.03 15:50;0;16,5;16,6875;17,0625;466;202;0;
893;2024.10.03 16:00;0;16,5;16,75;17,0625;467;202;0;
894;2024.10.03 16:10;0;16,5625;16,75;17,0625;467;202;0;
895;2024.10.03 16:20;0;16,625;16,75;17,0625;467;202;0;
896;2024.10.03 16:30;0;16,625;16,75;17,0625;467;202;0;
897;2024.10.03 16:40;0;16,625;16,8125;17;467;202;0;
898;2024.10.03 16:50;0;16,625;16,8125;17;467;202;0;
899;2024.10.03 17:00;0;16,625;16,875;17;467;202;0;
900;2024.10.03 17:10;0;16,625;16,875;17;467;202;0;
901;2024.10.03 17:20;0;16,6875;16,875;17;467;202;0;
902;2024.10.03 17:30;0;16,6875;16,875;17;467;202;0;
903;2024.10.03 17:40;0;16,625;16,875;16,875;467;202;0;
904;2024.10.03 17:50;0;16,6875;16,875;16,875;467;202;0;
905;2024.10.03 18:00;0;16,6875;16,875;17;467;202;0;
906;2024.10.03 18:10;0;16,6875;16,875;17,1875;467;202;0;
907;2024.10.03 18:20;0;16,75;16,875;17,25;467;202;0;
908;2024.10.03 18:30;0;16,75;16,875;17,375;467;202;0;
909;2024.10.03 18:40;0;16,875;17;17,375;467;202;0;
910;2024.10.03 18:50;0;16,875;17;17,4375;468;202;0;
911;2024.10.03 19:00;0;16,9375;17,125;17,5;468;202;0;
912;2024.10.03 19:10;0;17;17,125;17,75;468;202;0;
913;2024.10.03 19:20;0;17,0625;17,25;17,875;469;202;0;
914;2024.10.03 19:30;0;17,125;17,3125;18;469;202;0;
915;2024.10.03 19:40;0;17,25;17,375;18,1875;470;202;0;
916;2024.10.03 19:50;0;17,3125;17,5;18,3125;470;202;0;
917;2024.10.03 20:00;0;17,375;17,625;18,375;470;202;0;
918;2024.10.03 20:10;0;17,5;17,75;18,375;471;202;0;
919;2024.10.03 20:20;0;17,625;17,8125;18,375;471;202;0;
920;2024.10.03 20:30;0;17,625;17,875;18,5;472;202;0;
921;2024.10.03 20:40;0;17,75;18;18,5625;472;202;0;
922;2024.10.03 20:50;0;17,8125;18,0625;18,6875;472;202;0;
923;2024.10.03 21:00;0;17,875;18,125;18,8125;473;202;0;
924;2024.10.03 21:10;0;18;18,25;19;473;202;0;
925;2024.10.03 21:20;0;18,0625;18,375;19,0625;474;202;0;
926;2024.10.03 21:30;0;18,125;18,5;19,1875;474;202;0;
927;2024.10.03 21:40;0;18,25;18,5625;19,3125;475;202;0;
928;2024.10.03 21:50;0;18,375;18,6875;19,375;475;202;0;
929;2024.10.03 22:00;0;18,4375;18,75;19,5;476;202;0;
930;2024.10.03 22:10;0;18,5;18,875;19,5;476;202;0;
931;2024.10.03 22:20;0;18,625;19;19,5;476;202;0;
932;2024.10.03 22:30;0;18,6875;19,0625;19,5;477;202;0;
933;2024.10.03 22:40;0;18,75;19,125;19,4375;477;202;0;
934;2024.10.03 22:50;0;18,875;19,125;19,375;477;202;0;
935;2024.10.03 23:00;0;18,875;19,25;19,375;477;202;0;
936;2024.10.03 23:10;0;18,875;19,25;19,25;478;202;0;
937;2024.10.03 23:20;0;18,9375;19,25;19,25;478;202;0;
938;2024.10.03 23:30;0;19;19,25;19,125;478;202;0;
939;2024.10.03 23:40;0;19;19,25;19,125;478;202;0;
940;2024.10.03 23:50;0;19;19,25;19,0625;478;202;0;
941;2024.10.04 00:00;0;19;19,25;19;478;202;0;
942;2024.10.04 00:10;0;19;19,25;18,875;478;202;0;
943;2024.10.04 00:20;0;18,9375;19,1875;18,875;478;202;0;
944;2024.10.04 00:30;0;18,9375;19,125;18,8125;477;202;0;
945;2024.10.04 00:40;0;18,9375;19,125;18,75;477;202;0;
946;2024.10.04 00:50;0;18,875;19,125;18,6875;477;202;0;
947;2024.10.04 01:00;0;18,875;19,0625;18,625;477;202;0;
948;2024.10.04 01:10;0;18,875;19;18,625;477;202;0;
949;2024.10.04 01:20;0;18,75;19;18,625;477;202;0;
950;2024.10.04 01:30;0;18,75;18,9375;18,5625;476;202;0;
951;2024.10.04 01:40;0;18,75;18,875;18,5;476;202;0;
952;2024.10.04 01:50;0;18,75;18,875;18,4375;476;202;0;
953;2024.10.04 02:00;0;18,625;18,8125;18,4375;476;202;0;
954;2024.10.04 02:10;0;18,625;18,75;18,375;476;202;0;
955;2024.10.04 02:20;0;18,625;18,75;18,3125;475;202;0;
956;2024.10.04 02:30;0;18,5;18,6875;18,3125;475;202;0;
957;2024.10.04 02:40;0;18,5;18,625;18,25;475;202;0;
958;2024.10.04 02:50;0;18,5;18,625;18,25;475;202;0;
959;2024.10.04 03:00;0;18,375;18,5625;18,25;475;202;0;
960;2024.10.04 03:10;0;18,375;18,5;18,25;475;202;0;
961;2024.10.04 03:20;0;18,375;18,5;18,1875;474;202;0;
962;2024.10.04 03:30;0;18,3125;18,5;18,1875;474;202;0;
963;2024.10.04 03:40;0;18,25;18,4375;18,125;474;202;0;
964;2024.10.04 03:50;0;18,25;18,375;18,125;474;202;0;
965;2024.10.04 04:00;0;18,25;18,375;18,125;474;202;0;
966;2024.10.04 04:10;0;18,1875;18,375;18,0625;474;202;0;
967;2024.10.04 04:20;0;18,1875;18,3125;18,0625;473;202;0;
968;2024.10.04 04:30;0;18,125;18,25;18,0625;473;202;0;
969;2024.10.04 04:40;0;18,125;18,25;18;473;202;0;
970;2024.10.04 04:50;0;18,125;18,25;18;473;202;0;
971;2024.10.04 05:00;0;18,125;18,25;18;473;202;0;
972;2024.10.04 05:10;0;18;18,25;18;473;202;0;
973;2024.10.04 05:20;0;18;18,1875;18;473;202;0;
974;2024.10.04 05:30;0;18;18,125;17,9375;473;202;0;
975;2024.10.04 05:40;0;18;18,125;17,9375;472;202;0;
976;2024.10.04 05:50;0;18;18,125;17,875;472;202;0;
977;2024.10.04 06:00;0;18;18,125;17,9375;472;202;0;
978;2024.10.04 06:10;0;18;18,125;18;472;202;0;
979;2024.10.04 06:20;0;17,9375;18,125;18,125;472;202;0;
980;2024.10.04 06:30;0;18;18,125;18,25;472;202;0;
981;2024.10.04 06:40;0;18;18,125;18,375;472;202;0;
982;2024.10.04 06:50;0;18;18,25;18,625;473;202;0;
983;2024.10.04 07:00;0;18,125;18,25;18,8125;473;202;0;
984;2024.10.04 07:10;0;18,125;18,375;18,875;474;202;0;
985;2024.10.04 07:20;0;18,25;18,5;18,9375;474;202;0;
986;2024.10.04 07:30;0;18,375;18,5;19;474;202;0;
987;2024.10.04 07:40;0;18,375;18,625;19;474;202;0;
988;2024.10.04 07:50;0;18,5;18,6875;19,125;487;202;0;
989;2024.10.04 08:00;0;18,5625;18,75;19,25;470;202;0;
990;2024.10.04 08:10;0;18,625;18,875;19,0625;470;202;0;
991;2024.10.04 08:20;0;18,6875;18,875;19,0625;470;202;0;
992;2024.10.04 08:30;0;18,75;18,875;19,125;470;202;0;
993;2024.10.04 08:40;0;18,75;18,9375;19;470;202;0;
994;2024.10.04 08:50;0;18,8125;18,9375;18,875;474;202;0;
995;2024.10.04 09:00;0;18,875;18,9375;18,75;475;202;0;
996;2024.10.04 09:10;0;18,8125;18,875;18,625;473;202;0;
997;2024.10.04 09:20;0;18,75;18,875;18,4375;473;202;0;
998;2024.10.04 09:30;0;18,6875;18,75;18,375;473;202;0;
999;2024.10.04 09:40;0;18,625;18,6875;18,3125;473;202;0;
1000;2024.10.04 09:50;0;18,5;18,625;18,25;473;202;0;
1001;2024.10.04 10:00;0;18,5;18,5;18,25;472;202;0;
1002;2024.10.04 10:10;0;18,375;18,4375;18,1875;472;202;0;
1003;2024.10.04 10:20;0;18,25;18,375;18,1875;472;202;0;
1004;2024.10.04 10:30;0;18,25;18,3125;18,125;472;202;0;
1005;2024.10.04 10:40;0;18,125;18,25;18,125;471;202;0;
1006;2024.10.04 10:50;0;18,125;18,1875;18,125;471;202;0;
1007;2024.10.04 11:00;0;18;18,125;18,1875;471;202;0;
1008;2024.10.04 11:10;0;18;18,125;18,1875;471;202;0;
1009;2024.10.04 11:20;0;17,9375;18,0625;18,25;471;202;0;
1010;2024.10.04 11:30;0;17,875;18;18,25;470;202;0;
1011;2024.10.04 11:40;0;17,875;18;18,25;470;202;0;
1012;2024.10.04 11:50;0;17,875;18;18,25;470;202;0;
1013;2024.10.04 12:00;0;17,8125;17,9375;18,3125;470;202;0;
1014;2024.10.04 12:10;0;17,75;17,9375;18,3125;470;202;0;
1015;2024.10.04 12:20;0;17,75;17,875;18,3125;470;202;0;
1016;2024.10.04 12:30;0;17,75;17,875;18,25;470;202;0;
1017;2024.10.04 12:40;0;17,75;17,875;18,25;470;202;0;
1018;2024.10.04 12:50;0;17,75;17,875;18,25;470;202;0;
1019;2024.10.04 13:00;0;17,75;17,875;18,3125;470;202;0;
1020;2024.10.04 13:10;0;17,75;17,875;18,375;470;202;0;
1021;2024.10.04 13:20;0;17,75;17,875;18,4375;470;202;0;
1022;2024.10.04 13:30;0;17,75;17,875;18,5;470;202;0;
1023;2024.10.04 13:40;0;17,75;17,875;18,5;470;202;0;
1024;2024.10.04 13:50;0;17,75;17,875;18,5625;470;202;0;
1025;2024.10.04 14:00;0;17,75;17,9375;18,625;470;202;0;
1026;2024.10.04 14:10;0;17,75;18;18,625;470;202;0;
1027;2024.10.04 14:20;0;17,75;18;18,625;470;202;0;
1028;2024.10.04 14:30;0;17,75;18;18,6875;470;202;0;
1029;2024.10.04 14:40;0;17,8125;18;18,75;470;202;0;
1030;2024.10.04 14:50;0;17,875;18;18,75;470;202;0;
1031;2024.10.04 15:00;0;17,875;18,0625;18,75;470;202;0;
1032;2024.10.04 15:10;0;17,875;18,125;18,8125;470;202;0;
1033;2024.10.04 15:20;0;17,875;18,125;18,875;471;202;0;
1034;2024.10.04 15:30;0;17,9375;18,125;18,875;471;202;0;
1035;2024.10.04 15:40;0;18;18,1875;18,875;471;202;0;
1036;2024.10.04 15:50;0;18;18,25;18,9375;471;202;0;
1037;2024.10.04 16:00;0;18;18,25;19;471;202;0;
1038;2024.10.04 16:10;0;18;18,25;19;471;202;0;
1039;2024.10.04 16:20;0;18,0625;18,3125;19;471;202;0;
1040;2024.10.04 16:30;0;18,125;18,375;19;471;202;0;
1041;2024.10.04 16:40;0;18,125;18,375;19;472;202;0;
1042;2024.10.04 16:50;0;18,125;18,375;19;472;202;0;
1043;2024.10.04 17:00;0;18,1875;18,4375;19;472;202;0;
1044;2024.10.04 17:10;0;18,25;18,4375;19;472;202;0;
1045;2024.10.04 17:20;0;18,25;18,5;19;472;202;0;
1046;2024.10.04 17:30;0;18,25;18,5;19;472;202;0;
1047;2024.10.04 17:40;0;18,25;18,5;19;472;202;0;
1048;2024.10.04 17:50;0;18,3125;18,5;19;473;202;0;
1049;2024.10.04 18:00;0;18,375;18,5625;19;473;202;0;
1050;2024.10.04 18:10;0;18,375;18,5625;19;473;202;0;
1051;2024.10.04 18:20;0;18,375;18,625;19;473;202;0;
1052;2024.10.04 18:30;0;18,375;18,625;18,875;470;202;0;
1053;2024.10.04 18:40;0;18,375;18,625;18,625;468;202;0;
1054;2024.10.04 18:50;0;18,375;18,625;18,5;467;202;0;
1055;2024.10.04 19:00;0;18,375;18,5625;18,4375;468;202;0;
1056;2024.10.04 19:10;0;18,375;18,5;18,375;468;202;0;
1057;2024.10.04 19:20;0;18,3125;18,5;18,375;468;202;0;
1058;2024.10.04 19:30;0;18,25;18,5;18,3125;468;202;0;
1059;2024.10.04 19:40;0;18,25;18,4375;18,25;468;202;0;
1060;2024.10.04 19:50;0;18,25;18,4375;18,25;468;202;0;
1061;2024.10.04 20:00;0;18,25;18,375;18,25;468;202;0;
1062;2024.10.04 20:10;0;18,25;18,375;18,25;468;202;0;
1063;2024.10.04 20:20;0;18,25;18,375;18,25;467;202;0;
1064;2024.10.04 20:30;0;18,25;18,375;18,1875;467;202;0;
1065;2024.10.04 20:40;0;18,25;18,375;18,125;467;202;0;
1066;2024.10.04 20:50;0;18,1875;18,3125;18,125;467;202;0;
1067;2024.10.04 21:00;0;18,125;18,3125;18,125;467;202;0;
1068;2024.10.04 21:10;0;18,125;18,25;18,125;467;202;0;
1069;2024.10.04 21:20;0;18,125;18,25;18,125;467;202;0;
1070;2024.10.04 21:30;0;18,125;18,25;18,125;467;202;0;
1071;2024.10.04 21:40;0;18,125;18,25;18,0625;467;202;0;
1072;2024.10.04 21:50;0;18,125;18,25;18;467;202;0;
1073;2024.10.04 22:00;0;18,125;18,25;18;467;202;0;
1074;2024.10.04 22:10;0;18,0625;18,25;18;467;202;0;
1075;2024.10.04 22:20;0;18,0625;18,1875;18;466;202;0;
1076;2024.10.04 22:30;0;18;18,1875;17,9375;466;202;0;
1077;2024.10.04 22:40;0;18;18,125;17,9375;466;202;0;
1078;2024.10.04 22:50;0;18;18,125;17,875;466;202;0;
1079;2024.10.04 23:00;0;18;18,125;17,875;466;202;0;
1080;2024.10.04 23:10;0;18;18,125;17,875;466;202;0;
1081;2024.10.04 23:20;0;18;18,0625;17,875;466;202;0;
1082;2024.10.04 23:30;0;17,9375;18,0625;17,8125;466;202;0;
1083;2024.10.04 23:40;0;17,9375;18;17,75;466;202;0;
1084;2024.10.04 23:50;0;17,875;18;17,75;466;202;0;
1085;2024.10.05 00:00;0;17,875;18;17,75;466;202;0;
1086;2024.10.05 00:10;0;17,875;18;17,75;465;202;0;
1087;2024.10.05 00:20;0;17,875;17,9375;17,6875;465;202;0;
1088;2024.10.05 00:30;0;17,875;17,9375;17,6875;465;202;0;
1089;2024.10.05 00:40;0;17,8125;17,875;17,625;465;202;0;
1090;2024.10.05 00:50;0;17,8125;17,875;17,625;465;202;0;
1091;2024.10.05 01:00;0;17,75;17,875;17,625;465;202;0;
1092;2024.10.05 01:10;0;17,75;17,875;17,625;465;202;0;
1093;2024.10.05 01:20;0;17,75;17,8125;17,5625;465;202;0;
1094;2024.10.05 01:30;0;17,75;17,8125;17,5;465;202;0;
1095;2024.10.05 01:40;0;17,6875;17,75;17,5;464;202;0;
1096;2024.10.05 01:50;0;17,6875;17,75;17,5;464;202;0;
1097;2024.10.05 02:00;0;17,625;17,75;17,5;464;202;0;
1098;2024.10.05 02:10;0;17,625;17,75;17,4375;464;202;0;
1099;2024.10.05 02:20;0;17,625;17,6875;17,4375;464;202;0;
1100;2024.10.05 02:30;0;17,625;17,6875;17,375;464;202;0;
1101;2024.10.05 02:40;0;17,625;17,625;17,375;464;202;0;
1102;2024.10.05 02:50;0;17,625;17,625;17,375;464;202;0;
1103;2024.10.05 03:00;0;17,5;17,625;17,375;464;202;0;
1104;2024.10.05 03:10;0;17,5;17,625;17,375;463;202;0;
1105;2024.10.05 03:20;0;17,5;17,625;17,3125;463;202;0;
1106;2024.10.05 03:30;0;17,5;17,5625;17,3125;463;202;0;
1107;2024.10.05 03:40;0;17,5;17,5;17,25;463;202;0;
1108;2024.10.05 03:50;0;17,4375;17,5;17,25;463;202;0;
1109;2024.10.05 04:00;0;17,4375;17,5;17,25;463;202;0;
1110;2024.10.05 04:10;0;17,375;17,5;17,1875;463;202;0;
1111;2024.10.05 04:20;0;17,375;17,5;17,1875;463;202;0;
1112;2024.10.05 04:30;0;17,375;17,4375;17,1875;463;202;0;
1113;2024.10.05 04:40;0;17,375;17,375;17,125;463;202;0;
1114;2024.10.05 04:50;0;17,3125;17,375;17,125;462;202;0;
1115;2024.10.05 05:00;0;17,375;17,375;17,125;462;202;0;
1116;2024.10.05 05:10;0;17,25;17,375;17,125;462;202;0;
1117;2024.10.05 05:20;0;17,25;17,375;17,0625;462;202;0;
1118;2024.10.05 05:30;0;17,25;17,375;17,125;462;202;0;
1119;2024.10.05 05:40;0;17,25;17,3125;17,0625;462;202;0;
1120;2024.10.05 05:50;0;17,25;17,25;17,0625;462;202;0;
1121;2024.10.05 06:00;0;17,25;17,25;17;462;202;0;
1122;2024.10.05 06:10;0;17,1875;17,25;17;462;202;0;
1123;2024.10.05 06:20;0;17,125;17,25;17;462;202;0;
1124;2024.10.05 06:30;0;17,125;17,25;17;461;202;0;
1125;2024.10.05 06:40;0;17,125;17,25;17;461;202;0;
1126;2024.10.05 06:50;0;17,125;17,1875;16,9375;461;202;0;
1127;2024.10.05 07:00;0;17,125;17,1875;17;461;202;0;
1128;2024.10.05 07:10;0;17,125;17,125;16,9375;461;202;0;
1129;2024.10.05 07:20;0;17,125;17,125;16,875;461;202;0;
1130;2024.10.05 07:30;0;17,125;17,125;16,875;461;202;0;
1131;2024.10.05 07:40;0;17,0625;17,125;16,875;461;202;0;
1132;2024.10.05 07:50;0;17;17,125;16,875;461;202;0;
1133;2024.10.05 08:00;0;17;17,125;16,875;461;202;0;
1134;2024.10.05 08:10;0;17;17,125;16,875;461;202;0;
1135;2024.10.05 08:20;0;17;17,0625;16,875;461;202;0;
1136;2024.10.05 08:30;0;17;17,0625;16,9375;461;202;0;
1137;2024.10.05 08:40;0;17;17,0625;17;460;202;0;
1138;2024.10.05 08:50;0;17;17,0625;17,125;460;202;0;
1139;2024.10.05 09:00;0;17;17,0625;17,25;460;202;0;
1140;2024.10.05 09:10;0;17;17,125;17,375;460;202;0;
1141;2024.10.05 09:20;0;17;17,125;17,375;461;202;0;
1142;2024.10.05 09:30;0;17;17,125;17,375;461;202;0;
1143;2024.10.05 09:40;0;17;17,125;17,375;461;202;0;
1144;2024.10.05 09:50;0;17;17,125;17,375;461;202;0;
1145;2024.10.05 10:00;0;17;17,1875;17,375;461;202;0;
1146;2024.10.05 10:10;0;17;17,1875;17,4375;461;202;0;
1147;2024.10.05 10:20;0;17,0625;17,25;17,4375;461;202;0;
1148;2024.10.05 10:30;0;17,0625;17,25;17,4375;461;202;0;
1149;2024.10.05 10:40;0;17,125;17,25;17,5;461;202;0;
1150;2024.10.05 10:50;0;17,125;17,25;17,5;461;202;0;
1151;2024.10.05 11:00;0;17,125;17,25;17,5;461;202;0;
1152;2024.10.05 11:10;0;17,125;17,3125;17,5;461;202;0;
1153;2024.10.05 11:20;0;17,125;17,3125;17,5;461;202;0;
1154;2024.10.05 11:30;0;17,1875;17,375;17,5;461;202;0;
1155;2024.10.05 11:40;0;17,1875;17,375;17,5;461;202;0;
1156;2024.10.05 11:50;0;17,25;17,375;17,5;461;202;0;
1157;2024.10.05 12:00;0;17,25;17,375;17,5;461;202;0;
1158;2024.10.05 12:10;0;17,25;17,375;17,5;461;202;0;
1159;2024.10.05 12:20;0;17,25;17,375;17,5;462;202;0;
1160;2024.10.05 12:30;0;17,25;17,375;17,5;462;202;0;
1161;2024.10.05 12:40;0;17,25;17,375;17,5;462;202;0;
1162;2024.10.05 12:50;0;17,25;17,375;17,5;462;202;0;
1163;2024.10.05 13:00;0;17,25;17,375;17,5;462;202;0;
1164;2024.10.05 13:10;0;17,25;17,4375;17,5;462;202;0;
1165;2024.10.05 13:20;0;17,25;17,4375;17,5;462;202;0;
1166;2024.10.05 13:30;0;17,3125;17,4375;17,5;462;202;0;
1167;2024.10.05 13:40;0;17,3125;17,4375;17,5;464;202;0;
1168;2024.10.05 13:50;0;17,375;17,4375;17,5625;452;202;0;
1169;2024.10.05 14:00;0;17,5;17,5;17,625;451;202;0;
1170;2024.10.05 14:10;0;17,5;17,5;17,625;452;202;0;
1171;2024.10.05 14:20;0;17,625;17,625;17,6875;452;202;0;
1172;2024.10.05 14:30;0;17,75;17,625;17,75;452;202;0;
1173;2024.10.05 14:40;0;17,75;17,6875;17,75;452;202;0;
1174;2024.10.05 14:50;0;17,875;17,75;17,8125;453;202;0;
1175;2024.10.05 15:00;0;17,875;17,75;17,875;453;202;0;
1176;2024.10.05 15:10;0;17,9375;17,8125;17,875;453;202;0;
1177;2024.10.05 15:20;0;17,9375;17,875;18;453;202;0;
1178;2024.10.05 15:30;0;18;17,875;17,9375;453;202;0;
1179;2024.10.05 15:40;0;18;17,9375;18;453;202;0;
1180;2024.10.05 15:50;0;18;18;18;453;202;0;
1181;2024.10.05 16:00;0;18,0625;18;18;453;202;0;
1182;2024.10.05 16:10;0;18;18;18;453;202;0;
1183;2024.10.05 16:20;0;18,0625;18;18;453;202;0;
1184;2024.10.05 16:30;0;18,0625;18;18;453;202;0;
1185;2024.10.05 16:40;0;18,0625;18;18;453;202;0;
1186;2024.10.05 16:50;0;18,0625;18,0625;18;453;202;0;
1187;2024.10.05 17:00;0;18,0625;18,0625;18;453;202;0;
1188;2024.10.05 17:10;0;18;18,0625;18;453;202;0;
1189;2024.10.05 17:20;0;18,0625;18,0625;18;453;202;0;
1190;2024.10.05 17:30;0;18;18,0625;18;453;202;0;
1191;2024.10.05 17:40;0;18;18,0625;18;453;202;0;
1192;2024.10.05 17:50;0;18;18,0625;18;453;202;0;
1193;2024.10.05 18:00;0;18;18,0625;18;453;202;0;
1194;2024.10.05 18:10;0;18;18,0625;18;453;202;0;
1195;2024.10.05 18:20;0;18;18,0625;18;453;202;0;
1196;2024.10.05 18:30;0;18;18,0625;18;453;202;0;
1197;2024.10.05 18:40;0;18;18,0625;18;453;202;0;
1198;2024.10.05 18:50;0;18;18;18;453;202;0;
1199;2024.10.05 19:00;0;18;18;18;453;202;0;
1200;2024.10.05 19:10;0;18;18;18;453;202;0;
1201;2024.10.05 19:20;0;18;18;18;453;202;0;
1202;2024.10.05 19:30;0;17,9375;18;18;453;202;0;
1203;2024.10.05 19:40;0;17,9375;18;18;453;202;0;
1204;2024.10.05 19:50;0;17,9375;18;17,9375;453;202;0;
1205;2024.10.05 20:00;0;17,875;18;17,9375;453;202;0;
1206;2024.10.05 20:10;0;17,875;18;17,9375;453;202;0;
1207;2024.10.05 20:20;0;17,875;18;17,9375;453;202;0;
1208;2024.10.05 20:30;0;17,875;18;17,875;453;202;0;
1209;2024.10.05 20:40;0;17,875;18;17,875;453;202;0;
1210;2024.10.05 20:50;0;17,875;18;17,875;453;202;0;
1211;2024.10.05 21:00;0;17,875;18;17,875;452;202;0;
1212;2024.10.05 21:10;0;17,875;18;17,875;452;202;0;
1213;2024.10.05 21:20;0;17,875;17,9375;17,875;452;202;0;
1214;2024.10.05 21:30;0;17,8125;17,9375;17,875;452;202;0;
1215;2024.10.05 21:40;0;17,8125;17,875;17,875;452;202;0;
1216;2024.10.05 21:50;0;17,8125;17,875;17,875;452;202;0;
1217;2024.10.05 22:00;0;17,75;17,875;17,875;452;202;0;
1218;2024.10.05 22:10;0;17,75;17,875;17,8125;452;202;0;
1219;2024.10.05 22:20;0;17,8125;17,875;17,8125;452;202;0;
1220;2024.10.05 22:30;0;17,75;17,875;17,8125;452;202;0;
1221;2024.10.05 22:40;0;17,75;17,875;17,75;452;202;0;
1222;2024.10.05 22:50;0;17,75;17,875;17,75;452;202;0;
1223;2024.10.05 23:00;0;17,75;17,875;17,75;452;202;0;
1224;2024.10.05 23:10;0;17,75;17,875;17,75;452;202;0;
1225;2024.10.05 23:20;0;17,75;17,875;17,75;452;202;0;
1226;2024.10.05 23:30;0;17,75;17,8125;17,75;452;202;0;
1227;2024.10.05 23:40;0;17,6875;17,8125;17,75;452;202;0;
1228;2024.10.05 23:50;0;17,6875;17,8125;17,75;451;202;0;
1229;2024.10.06 00:00;0;17,6875;17,75;17,75;451;202;0;
1230;2024.10.06 00:10;0;17,6875;17,75;17,75;451;202;0;
1231;2024.10.06 00:20;0;17,625;17,75;17,625;451;202;0;
1232;2024.10.06 00:30;0;17,6875;17,75;17,6875;451;202;0;
1233;2024.10.06 00:40;0;17,625;17,75;17,6875;451;202;0;
1234;2024.10.06 00:50;0;17,625;17,75;17,625;451;202;0;
1235;2024.10.06 01:00;0;17,625;17,75;17,625;451;202;0;
1236;2024.10.06 01:10;0;17,625;17,75;17,625;451;202;0;
1237;2024.10.06 01:20;0;17,625;17,75;17,625;451;202;0;
1238;2024.10.06 01:30;0;17,625;17,75;17,625;451;202;0;
1239;2024.10.06 01:40;0;17,625;17,6875;17,625;451;202;0;
1240;2024.10.06 01:50;0;17,625;17,6875;17,625;451;202;0;
1241;2024.10.06 02:00;0;17,625;17,6875;17,625;451;202;0;
1242;2024.10.06 02:10;0;17,5625;17,6875;17,625;451;202;0;
1243;2024.10.06 02:20;0;17,5625;17,625;17,5625;451;202;0;
1244;2024.10.06 02:30;0;17,5;17,625;17,5625;451;202;0;
1245;2024.10.06 02:40;0;17,5;17,625;17,625;451;202;0;
1246;2024.10.06 02:50;0;17,5;17,625;17,5;451;202;0;
1247;2024.10.06 03:00;0;17,5;17,625;17,5;450;202;0;
1248;2024.10.06 03:10;0;17,5;17,625;17,5;450;202;0;
1249;2024.10.06 03:20;0;17,5;17,625;17,5;450;202;0;
1250;2024.10.06 03:30;0;17,5;17,625;17,5;450;202;0;
1251;2024.10.06 03:40;0;17,5;17,625;17,5;450;202;0;
1252;2024.10.06 03:50;0;17,5;17,625;17,5;450;202;0;
1253;2024.10.06 04:00;0;17,5;17,5625;17,5;450;202;0;
1254;2024.10.06 04:10;0;17,5;17,5625;17,5;450;202;0;
1255;2024.10.06 04:20;0;17,5;17,5625;17,5;450;202;0;
1256;2024.10.06 04:30;0;17,4375;17,5;17,5;450;202;0;
1257;2024.10.06 04:40;0;17,4375;17,5;17,5;450;202;0;
1258;2024.10.06 04:50;0;17,4375;17,5;17,4375;450;202;0;
1259;2024.10.06 05:00;0;17,4375;17,5;17,4375;450;202;0;
1260;2024.10.06 05:10;0;17,375;17,5;17,4375;450;202;0;
1261;2024.10.06 05:20;0;17,375;17,5;17,375;450;202;0;
1262;2024.10.06 05:30;0;17,375;17,5;17,375;450;202;0;
1263;2024.10.06 05:40;0;17,375;17,5;17,375;450;202;0;
1264;2024.10.06 05:50;0;17,375;17,5;17,375;450;202;0;
1265;2024.10.06 06:00;0;17,375;17,5;17,375;450;202;0;
1266;2024.10.06 06:10;0;17,375;17,5;17,375;449;202;0;
1267;2024.10.06 06:20;0;17,375;17,4375;17,375;449;202;0;
1268;2024.10.06 06:30;0;17,375;17,4375;17,375;449;202;0;
1269;2024.10.06 06:40;0;17,375;17,4375;17,375;449;202;0;
1270;2024.10.06 06:50;0;17,3125;17,375;17,375;449;202;0;
1271;2024.10.06 07:00;0;17,375;17,375;17,3125;449;202;0;
1272;2024.10.06 07:10;0;17,3125;17,375;17,3125;449;202;0;
1273;2024.10.06 07:20;0;17,3125;17,375;17,3125;449;202;0;
1274;2024.10.06 07:30;0;17,25;17,375;17,3125;449;202;0;
1275;2024.10.06 07:40;0;17,3125;17,375;17,3125;449;202;0;
1276;2024.10.06 07:50;0;17,25;17,375;17,3125;449;202;0;
1277;2024.10.06 08:00;0;17,25;17,375;17,3125;449;202;0;
1278;2024.10.06 08:10;0;17,25;17,375;17,25;449;202;0;
1279;2024.10.06 08:20;0;17,25;17,375;17,25;449;202;0;
1280;2024.10.06 08:30;0;17,25;17,375;17,25;449;202;0;
1281;2024.10.06 08:40;0;17,25;17,375;17,25;449;202;0;
1282;2024.10.06 08:50;0;17,25;17,375;17,25;449;202;0;
1283;2024.10.06 09:00;0;17,25;17,375;17,25;449;202;0;
1284;2024.10.06 09:10;0;17,25;17,375;17,25;449;202;0;
1285;2024.10.06 09:20;0;17,25;17,375;17,3125;449;202;0;
1286;2024.10.06 09:30;0;17,25;17,375;17,25;449;202;0;
1287;2024.10.06 09:40;0;17,3125;17,375;17,25;449;202;0;
1288;2024.10.06 09:50;0;17,25;17,375;17,375;449;202;0;
1289;2024.10.06 10:00;0;17,25;17,375;17,3125;449;202;0;
1290;2024.10.06 10:10;0;17,3125;17,375;17,3125;449;202;0;
1291;2024.10.06 10:20;0;17,375;17,375;17,3125;449;202;0;
1292;2024.10.06 10:30;0;17,3125;17,375;17,3125;449;202;0;
1293;2024.10.06 10:40;0;17,3125;17,375;17,3125;449;202;0;
1294;2024.10.06 10:50;0;17,3125;17,375;17,375;449;202;0;
1295;2024.10.06 11:00;0;17,3125;17,375;17,3125;449;202;0;
1296;2024.10.06 11:10;0;17,375;17,375;17,25;449;202;0;
1297;2024.10.06 11:20;0;17,375;17,375;17,375;449;202;0;
1298;2024.10.06 11:30;0;17,375;17,375;17,375;449;202;0;
1299;2024.10.06 11:40;0;17,375;17,375;17,375;449;202;0;
1300;2024.10.06 11:50;0;17,375;17,375;17,375;449;202;0;
1301;2024.10.06 12:00;0;17,375;17,375;17,375;449;202;0;
1302;2024.10.06 12:10;0;17,375;17,375;17,375;449;202;0;
1303;2024.10.06 12:20;0;17,375;17,4375;17,4375;449;202;0;
1304;2024.10.06 12:30;0;17,4375;17,4375;17,375;449;202;0;
1305;2024.10.06 12:40;0;17,4375;17,4375;17,375;449;202;0;
1306;2024.10.06 12:50;0;17,375;17,4375;17,4375;449;202;0;
1307;2024.10.06 13:00;0;17,4375;17,5;17,375;449;202;0;
1308;2024.10.06 13:10;0;17,4375;17,5;17,375;449;202;0;
1309;2024.10.06 13:20;0;17,4375;17,5;17,4375;449;202;0;
1310;2024.10.06 13:30;0;17,5;17,5;17,4375;449;202;0;
1311;2024.10.06 13:40;0;17,4375;17,5;17,4375;449;202;0;
1312;2024.10.06 13:50;0;17,5;17,5;17,4375;449;202;0;
1313;2024.10.06 14:00;0;17,4375;17,5;17,4375;449;202;0;
1314;2024.10.06 14:10;0;17,4375;17,5;17,4375;449;202;0;
1315;2024.10.06 14:20;0;17,4375;17,5;17,375;449;202;0;
1316;2024.10.06 14:30;0;17,375;17,5;17,375;449;202;0;
1317;2024.10.06 14:40;0;17,375;17,5;17,375;449;202;0;
1318;2024.10.06 14:50;0;17,4375;17,5;17,375;449;202;0;
1319;2024.10.06 15:00;0;17,4375;17,5;17,375;449;202;0;
1320;2024.10.06 15:10;0;17,4375;17,5;17,375;449;202;0;
1321;2024.10.06 15:20;0;17,4375;17,5;17,375;449;202;0;
1322;2024.10.06 15:30;0;17,375;17,5;17,375;449;202;0;
1323;2024.10.06 15:40;0;17,375;17,5;17,375;449;202;0;
1324;2024.10.06 15:50;0;17,375;17,5;17,375;449;202;0;
1325;2024.10.06 16:00;0;17,375;17,4375;17,375;449;202;0;
1326;2024.10.06 16:10;0;17,375;17,5;17,4375;449;202;0;
1327;2024.10.06 16:20;0;17,375;17,4375;17,375;449;202;0;
1328;2024.10.06 16:30;0;17,375;17,4375;17,375;449;202;0;
1329;2024.10.06 16:40;0;17,375;17,4375;17,375;449;202;0;
1330;2024.10.06 16:50;0;17,375;17,4375;17,375;449;202;0;
1331;2024.10.06 17:00;0;17,375;17,4375;17,375;449;202;0;
1332;2024.10.06 17:10;0;17,375;17,4375;17,375;449;202;0;
1333;2024.10.06 17:20;0;17,375;17,4375;17,375;448;202;0;
1334;2024.10.06 17:30;0;17,375;17,375;17,375;449;202;0;
1335;2024.10.06 17:40;0;17,375;17,4375;17,375;448;202;0;
1336;2024.10.06 17:50;0;17,375;17,375;17,375;448;202;0;
1337;2024.10.06 18:00;0;17,375;17,375;17,375;448;202;0;
1338;2024.10.06 18:10;0;17,375;17,375;17,25;450;202;0;
1339;2024.10.06 18:20;0;17,25;17,375;17,1875;446;202;0;
1340;2024.10.06 18:30;0;17,25;17,375;17;446;202;0;
1341;2024.10.06 18:40;0;17,125;17,25;16,875;445;202;0;
1342;2024.10.06 18:50;0;17,0625;17,25;16,875;445;202;0;
1343;2024.10.06 19:00;0;17;17,125;16,8125;445;202;0;
1344;2024.10.06 19:10;0;16,875;17,125;16,8125;445;202;0;
1345;2024.10.06 19:20;0;16,875;17;16,75;444;202;0;
1346;2024.10.06 19:30;0;16,8125;17;16,75;444;202;0;
1347;2024.10.06 19:40;0;16,75;16,9375;16,75;444;202;0;
1348;2024.10.06 19:50;0;16,75;16,875;16,75;444;202;0;
1349;2024.10.06 20:00;0;16,6875;16,875;16,75;443;202;0;
1350;2024.10.06 20:10;0;16,625;16,875;16,625;443;202;0;
1351;2024.10.06 20:20;0;16,625;16,75;16,625;443;202;0;
1352;2024.10.06 20:30;0;16,5625;16,75;16,625;443;202;0;
1353;2024.10.06 20:40;0;16,5;16,75;16,6875;443;202;0;
1354;2024.10.06 20:50;0;16,5;16,75;16,6875;443;202;0;
1355;2024.10.06 21:00;0;16,5;16,6875;16,6875;443;202;0;
1356;2024.10.06 21:10;0;16,5;16,6875;16,75;442;202;0;
1357;2024.10.06 21:20;0;16,5;16,625;16,75;442;202;0;
1358;2024.10.06 21:30;0;16,5;16,625;16,75;442;202;0;
1359;2024.10.06 21:40;0;16,5;16,625;16,8125;442;202;0;
1360;2024.10.06 21:50;0;16,5;16,625;16,75;442;202;0;
1361;2024.10.06 22:00;0;16,5;16,625;16,75;442;202;0;
1362;2024.10.06 22:10;0;16,5;16,625;16,75;442;202;0;
1363;2024.10.06 22:20;0;16,5;16,625;16,6875;442;202;0;
1364;2024.10.06 22:30;0;16,5;16,625;16,625;442;202;0;
1365;2024.10.06 22:40;0;16,4375;16,625;16,625;442;202;0;
1366;2024.10.06 22:50;0;16,5;16,625;16,625;442;202;0;
1367;2024.10.06 23:00;0;16,4375;16,625;16,625;442;202;0;
1368;2024.10.06 23:10;0;16,375;16,625;16,5625;442;202;0;
1369;2024.10.06 23:20;0;16,375;16,5625;16,5;442;202;0;
1370;2024.10.06 23:30;0;16,375;16,5;16,5;442;202;0;
1371;2024.10.06 23:40;0;16,375;16,5;16,5;442;202;0;
1372;2024.10.06 23:50;0;16,375;16,5;16,5;441;202;0;
1373;2024.10.07 00:00;0;16,375;16,5;16,5;441;202;0;
1374;2024.10.07 00:10;0;16,375;16,5;16,5;441;202;0;
1375;2024.10.07 00:20;0;16,3125;16,5;16,5;441;202;0;
1376;2024.10.07 00:30;0;16,375;16,5;16,4375;441;202;0;
1377;2024.10.07 00:40;0;16,3125;16,4375;16,4375;441;202;0;
1378;2024.10.07 00:50;0;16,25;16,4375;16,4375;441;202;0;
1379;2024.10.07 01:00;0;16,25;16,4375;16,4375;441;202;0;
1380;2024.10.07 01:10;0;16,25;16,4375;16,375;441;202;0;
1381;2024.10.07 01:20;0;16,25;16,375;16,375;441;202;0;
1382;2024.10.07 01:30;0;16,25;16,375;16,375;441;202;0;
1383;2024.10.07 01:40;0;16,25;16,375;16,375;441;202;0;
1384;2024.10.07 01:50;0;16,25;16,375;16,375;441;202;0;
1385;2024.10.07 02:00;0;16,25;16,375;16,375;441;202;0;
1386;2024.10.07 02:10;0;16,25;16,375;16,375;441;202;0;
1387;2024.10.07 02:20;0;16,25;16,375;16,375;441;202;0;
1388;2024.10.07 02:30;0;16,1875;16,375;16,375;440;202;0;
1389;2024.10.07 02:40;0;16,1875;16,375;16,375;440;202;0;
1390;2024.10.07 02:50;0;16,1875;16,375;16,375;440;202;0;
1391;2024.10.07 03:00;0;16,1875;16,3125;16,375;440;202;0;
1392;2024.10.07 03:10;0;16,125;16,3125;16,375;440;202;0;
1393;2024.10.07 03:20;0;16,125;16,3125;16,3125;440;202;0;
1394;2024.10.07 03:30;0;16,125;16,3125;16,3125;440;202;0;
1395;2024.10.07 03:40;0;16,125;16,25;16,25;440;202;0;
1396;2024.10.07 03:50;0;16,125;16,25;16,25;440;202;0;
1397;2024.10.07 04:00;0;16,125;16,25;16,25;440;202;0;
1398;2024.10.07 04:10;0;16,125;16,25;16,25;440;202;0;
1399;2024.10.07 04:20;0;16,125;16,25;16,25;440;202;0;
1400;2024.10.07 04:30;0;16,125;16,25;16,25;440;202;0;
1401;2024.10.07 04:40;0;16,125;16,25;16,25;440;202;0;
1402;2024.10.07 04:50;0;16,125;16,25;16,25;440;202;0;
1403;2024.10.07 05:00;0;16,125;16,25;16,25;440;202;0;
1404;2024.10.07 05:10;0;16,125;16,25;16,25;440;202;0;
1405;2024.10.07 05:20;0;16,0625;16,25;16,25;440;202;0;
1406;2024.10.07 05:30;0;16,0625;16,25;16,25;440;202;0;
1407;2024.10.07 05:40;0;16,0625;16,1875;16,1875;439;202;0;
1408;2024.10.07 05:50;0;16,0625;16,1875;16,1875;439;202;0;
1409;2024.10.07 06:00;0;16,0625;16,1875;16,1875;439;202;0;
1410;2024.10.07 06:10;0;16;16,1875;16,125;439;202;0;
1411;2024.10.07 06:20;0;16;16,125;16,125;439;202;0;
1412;2024.10.07 06:30;0;16;16,125;16,125;439;202;0;
1413;2024.10.07 06:40;0;16;16,125;16,125;439;202;0;
1414;2024.10.07 06:50;0;16;16,125;16,125;439;202;0;
1415;2024.10.07 07:00;0;16;16,125;16,125;439;202;0;
1416;2024.10.07 07:10;0;16;16,125;16,125;439;202;0;
1417;2024.10.07 07:20;0;16;16,125;16,125;439;202;0;
1418;2024.10.07 07:30;0;16;16,125;16,125;439;202;0;
1419;2024.10.07 07:40;0;16;16,125;16,125;439;202;0;
1420;2024.10.07 07:50;0;16;16,125;16,125;439;202;0;
1421;2024.10.07 08:00;0;16;16,125;16,125;439;202;0;
1422;2024.10.07 08:10;0;16;16,125;16,125;439;202;0;
1423;2024.10.07 08:20;0;16;16,125;16,1875;439;202;0;
1424;2024.10.07 08:30;0;16;16,125;16,1875;439;202;0;
1425;2024.10.07 08:40;0;16;16,125;16,25;439;202;0;
1426;2024.10.07 08:50;0;16;16,125;16,375;439;202;0;
1427;2024.10.07 09:00;0;16,125;16,25;16,625;439;202;0;
1428;2024.10.07 09:10;0;16,125;16,25;16,8125;440;202;0;
1429;2024.10.07 09:20;0;16,25;16,375;17;440;202;0;
1430;2024.10.07 09:30;0;16,3125;16,5;17,1875;440;202;0;
1431;2024.10.07 09:40;0;16,375;16,5625;17,375;441;202;0;
1432;2024.10.07 09:50;0;16,5;16,6875;17,4375;441;202;0;
1433;2024.10.07 10:00;0;16,5625;16,75;17,4375;442;202;0;
1434;2024.10.07 10:10;0;16,625;16,875;17,5;442;202;0;
1435;2024.10.07 10:20;0;16,6875;16,9375;17,5;443;202;0;
1436;2024.10.07 10:30;0;16,8125;17;17,8125;443;202;0;
1437;2024.10.07 10:40;0;16,875;17,125;18;443;202;0;
1438;2024.10.07 10:50;0;16,875;17,25;18;443;202;0;
1439;2024.10.07 11:00;0;17;17,25;17,875;444;202;0;
1440;2024.10.07 11:10;0;17;17,3125;17,8125;444;202;0;
1441;2024.10.07 11:20;0;17;17,375;17,75;444;202;0;
1442;2024.10.07 11:30;0;17,0625;17,375;17,75;444;202;0;
1443;2024.10.07 11:40;0;17,125;17,375;17,75;444;202;0;
1444;2024.10.07 11:50;0;17,125;17,375;17,625;444;202;0;
1445;2024.10.07 12:00;0;17,125;17,375;17,625;444;202;0;
1446;2024.10.07 12:10;0;17,125;17,375;17,625;444;202;0;
1447;2024.10.07 12:20;0;17,125;17,375;17,625;444;202;0;
1448;2024.10.07 12:30;0;17,125;17,375;17,625;444;202;0;
1449;2024.10.07 12:40;0;17,125;17,375;17,625;444;202;0;
1450;2024.10.07 12:50;0;17,125;17,375;17,625;445;202;0;
1451;2024.10.07 13:00;0;17,125;17,375;17,625;444;202;0;
1452;2024.10.07 13:10;0;17,125;17,375;17,625;444;202;0;
1453;2024.10.07 13:20;0;17,125;17,375;17,625;444;202;0;
1454;2024.10.07 13:30;0;17,125;17,375;17,5625;444;202;0;
1455;2024.10.07 13:40;0;17,125;17,375;17,5625;444;202;0;
1456;2024.10.07 13:50;0;17,125;17,375;17,5;444;202;0;
1457;2024.10.07 14:00;0;17,125;17,375;17,5;444;202;0;
1458;2024.10.07 14:10;0;17,125;17,375;17,5;444;202;0;
1459;2024.10.07 14:20;0;17,125;17,375;17,5;444;202;0;
1460;2024.10.07 14:30;0;17,125;17,375;17,5;444;202;0;
1461;2024.10.07 14:40;0;17,125;17,375;17,4375;444;202;0;
1462;2024.10.07 14:50;0;17,125;17,375;17,4375;444;202;0;
1463;2024.10.07 15:00;0;17,125;17,3125;17,375;444;202;0;
1464;2024.10.07 15:10;0;17,125;17,3125;17,375;444;202;0;
1465;2024.10.07 15:20;0;17,125;17,3125;17,375;444;202;0;
1466;2024.10.07 15:30;0;17,125;17,25;17,375;444;202;0;
1467;2024.10.07 15:40;0;17,0625;17,25;17,375;443;202;0;
1468;2024.10.07 15:50;0;17,125;17,25;17,375;443;202;0;
1469;2024.10.07 16:00;0;17,0625;17,25;17,375;443;202;0;
1470;2024.10.07 16:10;0;17;17,25;17,375;443;202;0;
1471;2024.10.07 16:20;0;17;17,25;17,375;443;202;0;
1472;2024.10.07 16:30;0;17,0625;17,25;17,375;443;202;0;
1473;2024.10.07 16:40;0;17;17,25;17,375;443;202;0;
1474;2024.10.07 16:50;0;17;17,25;17,375;443;202;0;
1475;2024.10.07 17:00;0;17;17,25;17,375;443;202;0;
1476;2024.10.07 17:10;0;17;17,25;17,3125;443;202;0;
1477;2024.10.07 17:20;0;17;17,25;17,25;443;202;0;
1478;2024.10.07 17:30;0;17;17,25;17,25;443;202;0;
1479;2024.10.07 17:40;0;17;17,1875;17,25;443;202;0;
1480;2024.10.07 17:50;0;17;17,1875;17,25;443;202;0;
1481;2024.10.07 18:00;0;17;17,1875;17,25;443;202;0;
1482;2024.10.07 18:10;0;17;17,125;17,1875;443;202;0;
1483;2024.10.07 18:20;0;17;17,125;17,125;443;202;0;
1484;2024.10.07 18:30;0;17;17,125;17,125;443;202;0;
1485;2024.10.07 18:40;0;16,9375;17,125;17,125;442;202;0;
1486;2024.10.07 18:50;0;16,9375;17,125;17,125;442;202;0;
1487;2024.10.07 19:00;0;16,875;17,125;17,125;442;202;0;
1488;2024.10.07 19:10;0;16,875;17,125;17,25;442;202;0;
1489;2024.10.07 19:20;0;16,875;17,125;17,3125;442;202;0;
1490;2024.10.07 19:30;0;16,9375;17,125;17,375;442;202;0;
1491;2024.10.07 19:40;0;17;17,125;17,5;443;202;0;
1492;2024.10.07 19:50;0;17;17,125;17,5;443;202;0;
1493;2024.10.07 20:00;0;17;17,1875;17,5;443;202;0;
1494;2024.10.07 20:10;0;17;17,25;17,5625;443;202;0;
1495;2024.10.07 20:20;0;17;17,25;17,375;443;202;0;
1496;2024.10.07 20:30;0;17;17,25;17,375;443;202;0;
1497;2024.10.07 20:40;0;17;17,25;17,375;443;202;0;
1498;2024.10.07 20:50;0;17;17,25;17,4375;443;202;0;
1499;2024.10.07 21:00;0;17;17,25;17,4375;443;202;0;
1500;2024.10.07 21:10;0;17,0625;17,25;17,5;443;202;0;
1501;2024.10.07 21:20;0;17,0625;17,25;17,5;443;202;0;
1502;2024.10.07 21:30;0;17,0625;17,25;17,5;443;202;0;
1503;2024.10.07 21:40;0;17,125;17,25;17,5;443;202;0;
1504;2024.10.07 21:50;0;17,125;17,25;17,5;443;202;0;
1505;2024.10.07 22:00;0;17,125;17,3125;17,5;443;202;0;
1506;2024.10.07 22:10;0;17,125;17,3125;17,5;443;202;0;
1507;2024.10.07 22:20;0;17,125;17,3125;17,4375;443;202;0;
1508;2024.10.07 22:30;0;17,125;17,3125;17,4375;443;202;0;
1509;2024.10.07 22:40;0;17,125;17,3125;17,375;443;202;0;
1510;2024.10.07 22:50;0;17,125;17,3125;17,375;443;202;0;
1511;2024.10.07 23:00;0;17,125;17,3125;17,375;443;202;0;
1512;2024.10.07 23:10;0;17,125;17,25;17,375;443;202;0;
1513;2024.10.07 23:20;0;17,125;17,25;17,375;443;202;0;
1514;2024.10.07 23:30;0;17,125;17,25;17,3125;443;202;0;
1515;2024.10.07 23:40;0;17,0625;17,25;17,25;443;202;0;
1516;2024.10.07 23:50;0;17,0625;17,25;17,25;443;202;0;
1517;2024.10.08 00:00;0;17,0625;17,25;17,25;443;202;0;
1518;2024.10.08 00:10;0;17,0625;17,25;17,25;442;202;0;
1519;2024.10.08 00:20;0;17,0625;17,25;17,25;442;202;0;
1520;2024.10.08 00:30;0;17;17,1875;17,1875;442;202;0;
1521;2024.10.08 00:40;0;17;17,1875;17,1875;442;202;0;
1522;2024.10.08 00:50;0;17;17,125;17,125;442;202;0;
1523;2024.10.08 01:00;0;17;17,125;17,125;442;202;0;
1524;2024.10.08 01:10;0;17;17,125;17,125;442;202;0;
1525;2024.10.08 01:20;0;16,9375;17,125;17,125;442;202;0;
1526;2024.10.08 01:30;0;16,9375;17,125;17,125;442;202;0;
1527;2024.10.08 01:40;0;16,9375;17,125;17,0625;442;202;0;
1528;2024.10.08 01:50;0;16,9375;17,0625;17,0625;442;202;0;
1529;2024.10.08 02:00;0;16,875;17,0625;17,0625;442;202;0;
1530;2024.10.08 02:10;0;16,875;17,0625;17;442;202;0;
1531;2024.10.08 02:20;0;16,875;17;17;441;202;0;
1532;2024.10.08 02:30;0;16,875;17;17;441;202;0;
1533;2024.10.08 02:40;0;16,875;17;17;441;202;0;
1534;2024.10.08 02:50;0;16,875;17;17;441;202;0;
1535;2024.10.08 03:00;0;16,8125;17;17;441;202;0;
1536;2024.10.08 03:10;0;16,8125;17;17;441;202;0;
1537;2024.10.08 03:20;0;16,75;17;17;441;202;0;
1538;2024.10.08 03:30;0;16,75;16,9375;17;441;202;0;
1539;2024.10.08 03:40;0;16,75;16,9375;17;441;202;0;
1540;2024.10.08 03:50;0;16,75;16,9375;16,9375;441;202;0;
1541;2024.10.08 04:00;0;16,75;16,9375;16,9375;441;202;0;
1542;2024.10.08 04:10;0;16,75;16,875;16,9375;441;202;0;
1543;2024.10.08 04:20;0;16,75;16,875;16,9375;441;202;0;
1544;2024.10.08 04:30;0;16,75;16,875;16,875;441;202;0;
1545;2024.10.08 04:40;0;16,75;16,875;16,9375;441;202;0;
1546;2024.10.08 04:50;0;16,75;16,875;16,875;441;202;0;
1547;2024.10.08 05:00;0;16,75;16,875;16,875;441;202;0;
1548;2024.10.08 05:10;0;16,75;16,875;16,875;441;202;0;
1549;2024.10.08 05:20;0;16,6875;16,875;16,875;440;202;0;
1550;2024.10.08 05:30;0;16,6875;16,875;16,875;440;202;0;
1551;2024.10.08 05:40;0;16,6875;16,875;16,875;440;202;0;
1552;2024.10.08 05:50;0;16,6875;16,875;16,875;440;202;0;
1553;2024.10.08 06:00;0;16,6875;16,875;16,875;440;202;0;
1554;2024.10.08 06:10;0;16,6875;16,875;16,875;440;202;0;
1555;2024.10.08 06:20;0;16,625;16,8125;16,875;440;202;0;
1556;2024.10.08 06:30;0;16,625;16,8125;16,875;440;202;0;
1557;2024.10.08 06:40;0;16,625;16,8125;16,875;440;202;0;
1558;2024.10.08 06:50;0;16,6875;16,8125;16,875;440;202;0;
1559;2024.10.08 07:00;0;16,625;16,8125;16,875;440;202;0;
1560;2024.10.08 07:10;0;16,625;16,8125;16,875;440;202;0;
1561;2024.10.08 07:20;0;16,625;16,75;16,875;440;202;0;
1562;2024.10.08 07:30;0;16,625;16,75;16,875;440;202;0;
1563;2024.10.08 07:40;0;16,625;16,75;16,875;440;202;0;
1564;2024.10.08 07:50;0;16,625;16,75;16,875;440;202;0;
1565;2024.10.08 08:00;0;16,625;16,75;16,9375;440;202;0;
1566;2024.10.08 08:10;0;16,625;16,8125;17;440;202;0;
1567;2024.10.08 08:20;0;16,625;16,8125;17;440;202;0;
1568;2024.10.08 08:30;0;16,625;16,875;17;440;202;0;
1569;2024.10.08 08:40;0;16,6875;16,875;17;440;202;0;
1570;2024.10.08 08:50;0;16,6875;16,875;17;440;202;0;
1571;2024.10.08 09:00;0;16,75;16,875;17;440;202;0;
1572;2024.10.08 09:10;0;16,75;16,875;17;440;202;0;
1573;2024.10.08 09:20;0;16,75;16,875;17;440;202;0;
1574;2024.10.08 09:30;0;16,75;16,875;17;440;202;0;
1575;2024.10.08 09:40;0;16,75;16,875;17,0625;440;202;0;
1576;2024.10.08 09:50;0;16,75;16,875;17,0625;440;202;0;
1577;2024.10.08 10:00;0;16,75;16,9375;17,0625;440;202;0;
1578;2024.10.08 10:10;0;16,75;16,9375;17,125;440;202;0;
1579;2024.10.08 10:20;0;16,75;16,9375;17,125;440;202;0;
1580;2024.10.08 10:30;0;16,75;17;17,125;440;202;0;
1581;2024.10.08 10:40;0;16,75;17;17,125;440;202;0;
1582;2024.10.08 10:50;0;16,75;17;17,125;440;202;0;
1583;2024.10.08 11:00;0;16,8125;17;17,125;441;202;0;
1584;2024.10.08 11:10;0;16,8125;17;17,1875;441;202;0;
1585;2024.10.08 11:20;0;16,8125;17;17,25;441;202;0;
1586;2024.10.08 11:30;0;16,875;17;17,25;441;202;0;
1587;2024.10.08 11:40;0;16,875;17;17,25;441;202;0;
1588;2024.10.08 11:50;0;16,875;17;17,25;441;202;0;
1589;2024.10.08 12:00;0;16,875;17,0625;17,25;441;202;0;
1590;2024.10.08 12:10;0;16,875;17,0625;17,25;441;202;0;
1591;2024.10.08 12:20;0;16,875;17,0625;17,25;441;202;0;
1592;2024.10.08 12:30;0;16,875;17,0625;17,25;441;202;0;
1593;2024.10.08 12:40;0;16,875;17,125;17,25;441;202;0;
1594;2024.10.08 12:50;0;16,875;17,125;17,25;441;202;0;
1595;2024.10.08 13:00;0;16,875;17,125;17,25;441;202;0;
1596;2024.10.08 13:10;0;16,875;17,125;17,25;441;202;0;
1597;2024.10.08 13:20;0;16,875;17,125;17,25;441;202;0;
1598;2024.10.08 13:30;0;16,875;17,125;17,25;441;202;0;
1599;2024.10.08 13:40;0;16,875;17,125;17,25;441;202;0;
1600;2024.10.08 13:50;0;16,875;17,125;17,25;441;202;0;
1601;2024.10.08 14:00;0;16,875;17,125;17,25;441;202;0;
1602;2024.10.08 14:10;0;16,875;17,125;17,1875;441;202;0;
1603;2024.10.08 14:20;0;16,875;17,125;17,1875;441;202;0;
1604;2024.10.08 14:30;0;16,875;17,125;17,1875;441;202;0;
1605;2024.10.08 14:40;0;16,875;17,0625;17,1875;441;202;0;
1606;2024.10.08 14:50;0;16,875;17,0625;17,1875;441;202;0;
1607;2024.10.08 15:00;0;16,875;17,125;17,1875;441;202;0;
1608;2024.10.08 15:10;0;16,875;17,0625;17,1875;441;202;0;
1609;2024.10.08 15:20;0;16,875;17,0625;17,1875;441;202;0;
1610;2024.10.08 15:30;0;16,875;17,125;17,1875;441;202;0;
1611;2024.10.08 15:40;0;16,875;17,0625;17,1875;441;202;0;
1612;2024.10.08 15:50;0;16,875;17,0625;17,125;441;202;0;
1613;2024.10.08 16:00;0;16,875;17,0625;17,125;441;202;0;
1614;2024.10.08 16:10;0;16,875;17,0625;17,125;441;202;0;
1615;2024.10.08 16:20;0;16,875;17,0625;17,125;440;202;0;
1616;2024.10.08 16:30;0;16,875;17,0625;17,125;440;202;0;
1617;2024.10.08 16:40;0;16,875;17;17,125;440;202;0;
1618;2024.10.08 16:50;0;16,875;17;17,125;440;202;0;
1619;2024.10.08 17:00;0;16,875;17;17,125;440;202;0;
1620;2024.10.08 17:10;0;16,875;17;17,125;440;202;0;
1621;2024.10.08 17:20;0;16,875;17;17,1875;440;202;0;
1622;2024.10.08 17:30;0;16,875;17,0625;17,25;440;202;0;
1623;2024.10.08 17:40;0;16,875;17,0625;17,25;440;202;0;
1624;2024.10.08 17:50;0;16,875;17,125;17,25;440;202;0;
1625;2024.10.08 18:00;0;16,9375;17,125;17,3125;440;202;0;
1626;2024.10.08 18:10;0;17;17,125;17,3125;441;202;0;
1627;2024.10.08 18:20;0;17;17,1875;17,3125;441;202;0;
1628;2024.10.08 18:30;0;17;17,1875;17,3125;441;202;0;
1629;2024.10.08 18:40;0;17;17,25;17,25;441;202;0;
1630;2024.10.08 18:50;0;17,0625;17,25;17,25;441;202;0;
1631;2024.10.08 19:00;0;17,125;17,25;17,25;441;202;0;
1632;2024.10.08 19:10;0;17,125;17,25;17,25;441;202;0;
1633;2024.10.08 19:20;0;17,125;17,25;17,3125;441;202;0;
1634;2024.10.08 19:30;0;17,125;17,25;17,3125;441;202;0;
1635;2024.10.08 19:40;0;17,125;17,25;17,3125;441;202;0;
1636;2024.10.08 19:50;0;17,125;17,3125;17,375;441;202;0;
1637;2024.10.08 20:00;0;17,125;17,3125;17,375;441;202;0;
1638;2024.10.08 20:10;0;17,1875;17,3125;17,375;441;202;0;
1639;2024.10.08 20:20;0;17,1875;17,375;17,375;441;202;0;
1640;2024.10.08 20:30;0;17,1875;17,375;17,375;441;202;0;
1641;2024.10.08 20:40;0;17,1875;17,375;17,375;441;202;0;
1642;2024.10.08 20:50;0;17,25;17,375;17,375;441;202;0;
1643;2024.10.08 21:00;0;17,25;17,375;17,375;441;202;0;
1644;2024.10.08 21:10;0;17,25;17,375;17,375;441;202;0;
1645;2024.10.08 21:20;0;17,25;17,375;17,375;441;202;0;
1646;2024.10.08 21:30;0;17,25;17,375;17,375;441;202;0;
1647;2024.10.08 21:40;0;17,25;17,375;17,4375;442;202;0;
1648;2024.10.08 21:50;0;17,25;17,375;17,4375;442;202;0;
1649;2024.10.08 22:00;0;17,25;17,375;17,375;441;202;0;
1650;2024.10.08 22:10;0;17,25;17,375;17,375;441;202;0;
1651;2024.10.08 22:20;0;17,25;17,375;17,375;441;202;0;
1652;2024.10.08 22:30;0;17,25;17,375;17,375;441;202;0;
1653;2024.10.08 22:40;0;17,25;17,375;17,375;441;202;0;
1654;2024.10.08 22:50;0;17,25;17,375;17,375;441;202;0;
1655;2024.10.08 23:00;0;17,25;17,375;17,3125;441;202;0;
1656;2024.10.08 23:10;0;17,1875;17,375;17,3125;441;202;0;
1657;2024.10.08 23:20;0;17,1875;17,375;17,25;441;202;0;
1658;2024.10.08 23:30;0;17,1875;17,3125;17,25;441;202;0;
1659;2024.10.08 23:40;0;17,125;17,3125;17,25;441;202;0;
1660;2024.10.08 23:50;0;17,125;17,3125;17,25;441;202;0;
1661;2024.10.09 00:00;0;17,125;17,25;17,25;441;202;0;
1662;2024.10.09 00:10;0;17,125;17,25;17,25;441;202;0;
1663;2024.10.09 00:20;0;17,125;17,25;17,25;441;202;0;
1664;2024.10.09 00:30;0;17,125;17,25;17,1875;441;202;0;
1665;2024.10.09 00:40;0;17,125;17,25;17,1875;441;202;0;
1666;2024.10.09 00:50;0;17,125;17,25;17,1875;441;202;0;
1667;2024.10.09 01:00;0;17,0625;17,25;17,125;440;202;0;
1668;2024.10.09 01:10;0;17,0625;17,25;17,125;440;202;0;
1669;2024.10.09 01:20;0;17,125;17,25;17,125;440;202;0;
1670;2024.10.09 01:30;0;17,0625;17,1875;17,125;440;202;0;
1671;2024.10.09 01:40;0;17,0625;17,1875;17,125;440;202;0;
1672;2024.10.09 01:50;0;17;17,125;17,125;440;202;0;
1673;2024.10.09 02:00;0;17;17,125;17,125;440;202;0;
1674;2024.10.09 02:10;0;17;17,125;17,125;440;202;0;
1675;2024.10.09 02:20;0;17;17,125;17,125;440;202;0;
1676;2024.10.09 02:30;0;17;17,125;17,125;440;202;0;
1677;2024.10.09 02:40;0;17;17,125;17,0625;440;202;0;
1678;2024.10.09 02:50;0;17;17,125;17,0625;440;202;0;
1679;2024.10.09 03:00;0;17;17,125;17,0625;440;202;0;
1680;2024.10.09 03:10;0;17;17,125;17,0625;440;202;0;
1681;2024.10.09 03:20;0;17;17,125;17,0625;440;202;0;
1682;2024.10.09 03:30;0;16,9375;17,125;17;440;202;0;
1683;2024.10.09 03:40;0;17;17,125;17;440;202;0;
1684;2024.10.09 03:50;0;16,9375;17,125;17;440;202;0;
1685;2024.10.09 04:00;0;16,9375;17,0625;17;440;202;0;
1686;2024.10.09 04:10;0;16,9375;17,0625;17;440;202;0;
1687;2024.10.09 04:20;0;16,875;17,0625;17;440;202;0;
1688;2024.10.09 04:30;0;16,875;17,0625;17;440;202;0;
1689;2024.10.09 04:40;0;16,875;17;17;439;202;0;
1690;2024.10.09 04:50;0;16,875;17;17;439;202;0;
1691;2024.10.09 05:00;0;16,875;17;17;439;202;0;
1692;2024.10.09 05:10;0;16,875;17;17;439;202;0;
1693;2024.10.09 05:20;0;16,875;17;17;439;202;0;
1694;2024.10.09 05:30;0;16,875;17;17;439;202;0;
1695;2024.10.09 05:40;0;16,875;17;17;439;202;0;
1696;2024.10.09 05:50;0;16,875;17;16,9375;439;202;0;
1697;2024.10.09 06:00;0;16,875;17;16,9375;439;202;0;
1698;2024.10.09 06:10;0;16,875;17;16,9375;439;202;0;
1699;2024.10.09 06:20;0;16,875;17;16,9375;439;202;0;
1700;2024.10.09 06:30;0;16,875;17;16,9375;439;202;0;
1701;2024.10.09 06:40;0;16,875;17;16,9375;439;202;0;
1702;2024.10.09 06:50;0;16,8125;17;16,9375;439;202;0;
1703;2024.10.09 07:00;0;16,8125;17;16,875;439;202;0;
1704;2024.10.09 07:10;0;16,8125;17;16,875;439;202;0;
1705;2024.10.09 07:20;0;16,8125;17;16,875;439;202;0;
1706;2024.10.09 07:30;0;16,875;16,9375;16,875;439;202;0;
1707;2024.10.09 07:40;0;16,8125;16,9375;16,875;439;202;0;
1708;2024.10.09 07:50;0;16,8125;16,9375;16,875;439;202;0;
1709;2024.10.09 08:00;0;16,75;16,9375;16,875;439;202;0;
1710;2024.10.09 08:10;0;16,75;16,875;16,875;439;202;0;
1711;2024.10.09 08:20;0;16,75;16,875;16,875;439;202;0;
1712;2024.10.09 08:30;0;16,75;16,875;16,8125;439;202;0;
1713;2024.10.09 08:40;0;16,75;16,875;16,875;438;202;0;
1714;2024.10.09 08:50;0;16,75;16,875;16,875;438;202;0;
1715;2024.10.09 09:00;0;16,75;16,875;16,875;438;202;0;
1716;2024.10.09 09:10;0;16,75;16,875;16,875;438;202;0;
1717;2024.10.09 09:20;0;16,75;16,875;16,8125;438;202;0;
1718;2024.10.09 09:30;0;16,75;16,875;16,8125;438;202;0;
1719;2024.10.09 09:40;0;16,6875;16,875;16,8125;438;202;0;
1720;2024.10.09 09:50;0;16,75;16,8125;16,75;438;202;0;
1721;2024.10.09 10:00;0;16,6875;16,8125;16,75;438;202;0;
1722;2024.10.09 10:10;0;16,6875;16,8125;16,8125;438;202;0;
1723;2024.10.09 10:20;0;16,6875;16,8125;16,75;438;202;0;
1724;2024.10.09 10:30;0;16,6875;16,8125;16,75;438;202;0;
1725;2024.10.09 10:40;0;16,6875;16,8125;16,75;438;202;0;
1726;2024.10.09 10:50;0;16,6875;16,75;16,75;438;202;0;
1727;2024.10.09 11:00;0;16,6875;16,75;16,75;438;202;0;
1728;2024.10.09 11:10;0;16,6875;16,75;16,75;438;202;0;
1729;2024.10.09 11:20;0;16,625;16,75;16,75;438;202;0;
1730;2024.10.09 11:30;0;16,625;16,75;16,6875;438;202;0;
1731;2024.10.09 11:40;0;16,625;16,75;16,625;438;202;0;
1732;2024.10.09 11:50;0;16,625;16,75;16,625;438;202;0;
1733;2024.10.09 12:00;0;16,625;16,75;16,75;438;202;0;
1734;2024.10.09 12:10;0;16,625;16,75;16,75;438;202;0;
1735;2024.10.09 12:20;0;16,8125;16,75;17;441;202;0;
1736;2024.10.09 12:30;0;16,5;16,625;15,9375;441;202;0;
1737;2024.10.09 12:40;0;16,1875;16,3125;15,25;439;202;0;
1738;2024.10.09 12:50;0;16;16,125;15,5625;438;202;0;
1739;2024.10.09 13:00;0;16,25;16,375;17;446;202;0;
1740;2024.10.09 13:10;0;16,5625;16,625;17,875;447;202;0;
1741;2024.10.09 13:20;0;16,9375;17;18,4375;449;202;0;
1742;2024.10.09 13:30;0;17,25;17,25;18,75;450;202;0;
1743;2024.10.09 13:40;0;17,625;17,625;19;452;202;0;
1744;2024.10.09 13:50;0;17,9375;17,875;19,25;453;202;0;
1745;2024.10.09 14:00;0;18,1875;18,125;19,375;454;202;0;
1746;2024.10.09 14:10;0;18,4375;18,375;19,5;456;202;0;
1747;2024.10.09 14:20;0;18,625;18,625;19,625;457;202;0;
1748;2024.10.09 14:30;0;18,875;18,8125;19,75;458;202;0;
1749;2024.10.09 14:40;0;19;19;19,8125;459;202;0;
1750;2024.10.09 14:50;0;19,1875;19,125;19,9375;459;202;0;
1751;2024.10.09 15:00;0;19,375;19,3125;20;460;202;0;
1752;2024.10.09 15:10;0;19,5;19,4375;20,125;461;202;0;
1753;2024.10.09 15:20;0;19,625;19,5625;20,125;462;202;0;
1754;2024.10.09 15:30;0;19,75;19,75;20,25;462;202;0;
1755;2024.10.09 15:40;0;19,875;19,8125;20,25;463;202;0;
1756;2024.10.09 15:50;0;20;19,875;20,375;463;202;0;
1757;2024.10.09 16:00;0;20;20;20,375;464;202;0;
1758;2024.10.09 16:10;0;20,125;20,125;20,375;464;202;0;
1759;2024.10.09 16:20;0;20,125;20,125;20,375;464;202;0;
1760;2024.10.09 16:30;0;20,25;20,25;20,375;464;202;0;
1761;2024.10.09 16:40;0;20,25;20,25;20,375;465;202;0;
1762;2024.10.09 16:50;0;20,25;20,25;20,375;465;202;0;
1763;2024.10.09 17:00;0;20,3125;20,3125;20,3125;465;202;0;
1764;2024.10.09 17:10;0;20,25;20,3125;20,25;465;202;0;
1765;2024.10.09 17:20;0;20,25;20,375;20,25;465;202;0;
1766;2024.10.09 17:30;0;20,25;20,375;20,25;465;202;0;
1767;2024.10.09 17:40;0;20,25;20,3125;20,1875;465;202;0;
1768;2024.10.09 17:50;0;20,25;20,3125;20,125;465;202;0;
1769;2024.10.09 18:00;0;20,25;20,25;20,0625;465;202;0;
1770;2024.10.09 18:10;0;20,1875;20,25;20;465;202;0;
1771;2024.10.09 18:20;0;20,125;20,25;20;464;202;0;
1772;2024.10.09 18:30;0;20,125;20,1875;19,875;464;202;0;
1773;2024.10.09 18:40;0;20,125;20,125;19,875;464;202;0;
1774;2024.10.09 18:50;0;20,0625;20,125;19,8125;464;202;0;
1775;2024.10.09 19:00;0;20;20,0625;19,75;464;202;0;
1776;2024.10.09 19:10;0;19,9375;20;19,75;464;202;0;
1777;2024.10.09 19:20;0;19,875;20;19,6875;463;202;0;
1778;2024.10.09 19:30;0;19,875;19,9375;19,625;463;202;0;
1779;2024.10.09 19:40;0;19,75;19,875;19,625;463;202;0;
1780;2024.10.09 19:50;0;19,75;19,875;19,5625;463;202;0;
1781;2024.10.09 20:00;0;19,75;19,875;19,5;463;202;0;
1782;2024.10.09 20:10;0;19,6875;19,75;19,5;462;202;0;
1783;2024.10.09 20:20;0;19,625;19,75;19,5;462;202;0;
1784;2024.10.09 20:30;0;19,625;19,75;19,4375;462;202;0;
1785;2024.10.09 20:40;0;19,5625;19,6875;19,375;462;202;0;
1786;2024.10.09 20:50;0;19,5625;19,625;19,375;462;202;0;
1787;2024.10.09 21:00;0;19,5;19,625;19,375;461;202;0;
1788;2024.10.09 21:10;0;19,5;19,5625;19,375;461;202;0;
1789;2024.10.09 21:20;0;19,5;19,5;19,25;461;202;0;
1790;2024.10.09 21:30;0;19,4375;19,5;19,25;461;202;0;
1791;2024.10.09 21:40;0;19,375;19,5;19,25;461;202;0;
1792;2024.10.09 21:50;0;19,375;19,4375;19,25;461;202;0;
1793;2024.10.09 22:00;0;19,3125;19,4375;19,1875;461;202;0;
1794;2024.10.09 22:10;0;19,3125;19,375;19,1875;460;202;0;
1795;2024.10.09 22:20;0;19,25;19,375;19,125;460;202;0;
1796;2024.10.09 22:30;0;19,25;19,375;19,125;460;202;0;
1797;2024.10.09 22:40;0;19,1875;19,3125;19,125;460;202;0;
1798;2024.10.09 22:50;0;19,25;19,25;19,125;460;202;0;
1799;2024.10.09 23:00;0;19,1875;19,25;19,0625;460;202;0;
1800;2024.10.09 23:10;0;19,125;19,25;19,0625;460;202;0;
1801;2024.10.09 23:20;0;19,125;19,25;19;460;202;0;
1802;2024.10.09 23:30;0;19,125;19,1875;19;459;202;0;
1803;2024.10.09 23:40;0;19,0625;19,1875;19;459;202;0;
1804;2024.10.09 23:50;0;19,0625;19,125;19;459;202;0;
